Local hr,Cloud,Humidity,Precip,Temp,Wind,Wbgt,class,alert color
15,57,66,0.05,87,7,84,2,Orange
13,47,70,0.0,89,3,87,3,Red
13,1,11,0.0,107,4,84,2,Orange
12,5,9,0.0,104,4,81,1,Yellow
13,9,11,0.0,102,12,78,0,Green
17,9,77,0.0,87,9,84,2,Orange
18,6,17,0.0,96,2,76,0,Green
16,23,54,0.0,86,18,78,0,Green
12,25,75,0.0,89,5,87,3,Red
16,6,14,0.0,82,5,64,0,Green
18,20,77,0.0,57,4,53,0,Green
8,10,31,0.0,84,4,73,0,Green
13,60,80,0.2,86,8,86,3,Red
12,4,29,0.0,91,5,81,1,Yellow
16,62,72,0.17,89,4,84,2,Orange
10,4,10,0.0,109,7,87,3,Red
13,7,9,0.0,111,5,85,2,Orange
14,58,61,0.06,89,9,85,2,Orange
11,94,90,0.0,68,10,67,0,Green
13,59,77,0.1,89,13,87,3,Red
16,16,74,0.0,89,6,85,2,Orange
11,17,70,0.0,87,2,85,2,Orange
17,39,72,0.01,89,5,85,2,Orange
16,100,72,0.03,77,14,72,0,Green
12,8,10,0.0,109,5,84,2,Orange
12,30,70,0.0,91,6,88,3,Red
11,0,13,0.0,98,6,81,1,Yellow
19,72,80,0.49,84,5,81,1,Yellow
12,35,68,0.0,91,5,88,3,Red
13,17,16,0.0,107,4,86,3,Red
11,12,16,0.0,104,4,85,2,Orange
15,13,14,0.0,104,2,82,1,Yellow
10,88,81,0.0,68,7,66,0,Green
14,53,82,0.03,86,9,85,2,Orange
11,34,77,0.0,89,5,87,3,Red
14,28,18,0.0,84,6,68,0,Green
8,6,27,0.0,75,8,64,0,Green
11,10,6,0.0,98,7,77,0,Green
10,4,16,0.0,104,4,86,3,Red
22,93,87,0.01,71,4,69,0,Green
14,57,63,0.0,89,8,84,2,Orange
14,51,64,0.01,89,3,86,3,Red
15,37,56,0.0,87,13,82,1,Yellow
12,16,68,0.0,91,5,88,3,Red
13,4,8,0.0,109,6,84,2,Orange
16,30,70,0.0,89,5,84,2,Orange
16,24,65,0.0,89,4,84,2,Orange
11,15,67,0.0,86,6,83,1,Yellow
15,5,47,0.0,89,5,81,1,Yellow
16,37,72,0.0,86,11,82,1,Yellow
13,25,62,0.0,91,3,88,3,Red
12,31,73,0.0,89,5,88,3,Red
14,14,8,0.0,107,9,82,1,Yellow
12,8,8,0.0,111,5,86,3,Red
13,28,70,0.06,89,7,87,3,Red
11,1,8,0.0,109,6,86,3,Red
13,8,9,0.0,107,3,83,1,Yellow
15,34,70,0.0,87,12,84,2,Orange
13,73,58,0.0,77,7,73,0,Green
11,5,13,0.0,109,2,88,3,Red
18,12,21,0.0,95,2,76,0,Green
11,17,74,0.0,89,3,86,3,Red
16,14,72,0.0,91,7,87,3,Red
15,11,10,0.0,98,10,74,0,Green
12,3,8,0.0,111,2,87,3,Red
20,40,82,0.01,86,10,82,1,Yellow
13,5,9,0.0,109,5,83,1,Yellow
11,3,8,0.0,109,5,85,2,Orange
13,6,10,0.0,111,4,86,3,Red
11,18,77,0.0,86,3,85,2,Orange
12,47,77,0.0,86,2,86,3,Red
14,47,59,0.0,89,7,86,3,Red
11,2,7,0.0,111,5,88,3,Red
14,9,10,0.0,109,7,83,1,Yellow
14,12,58,0.0,93,6,88,3,Red
12,47,75,0.0,86,2,85,2,Orange
13,70,75,0.92,86,8,85,2,Orange
20,36,82,0.37,84,2,80,0,Green
17,100,84,0.0,71,6,68,0,Green
17,57,71,0.09,89,7,84,2,Orange
12,53,77,0.06,86,6,85,2,Orange
18,22,63,0.0,87,4,81,1,Yellow
18,44,82,0.12,84,7,82,1,Yellow
15,59,73,0.46,89,4,86,3,Red
13,6,10,0.0,113,8,86,3,Red
12,16,70,0.0,89,5,88,3,Red
16,32,72,0.04,89,7,85,2,Orange
13,36,80,0.01,89,11,88,3,Red
13,28,68,0.01,87,5,86,3,Red
12,12,14,0.0,100,6,79,0,Green
11,3,29,0.0,102,5,89,3,Red
17,23,70,0.01,89,7,85,2,Orange
17,73,78,0.1,89,9,85,2,Orange
16,80,72,0.05,89,7,84,2,Orange
10,3,21,0.0,105,3,90,3,Red
13,41,66,0.0,89,9,86,3,Red
13,6,12,0.0,109,5,85,2,Orange
17,83,78,0.02,87,9,84,2,Orange
14,82,70,0.24,89,12,86,3,Red
21,22,91,0.01,82,5,81,1,Yellow
10,2,61,0.0,86,8,81,1,Yellow
11,4,18,0.0,95,4,80,0,Green
9,9,14,0.0,102,4,84,2,Orange
11,46,77,0.57,86,3,84,2,Orange
9,4,20,0.0,100,4,84,2,Orange
14,66,70,0.03,89,7,86,3,Red
14,3,11,0.0,109,8,85,2,Orange
11,5,9,0.0,107,3,84,2,Orange
13,34,73,0.0,89,6,88,3,Red
14,5,12,0.0,109,3,85,2,Orange
14,9,60,0.0,93,5,89,3,Red
18,36,75,0.02,87,5,83,1,Yellow
14,2,12,0.0,100,3,79,0,Green
12,5,10,0.0,109,5,85,2,Orange
11,4,7,0.0,104,5,81,1,Yellow
14,5,8,0.0,111,4,84,2,Orange
13,83,75,0.13,84,7,81,1,Yellow
9,1,17,0.0,87,2,74,0,Green
13,3,17,0.0,102,7,81,1,Yellow
16,39,68,0.04,89,6,85,2,Orange
10,4,61,0.0,86,10,81,1,Yellow
18,55,23,0.0,51,7,42,0,Green
13,40,68,0.0,91,5,89,3,Red
10,6,13,0.0,107,4,87,3,Red
14,63,59,0.0,91,9,85,2,Orange
18,55,75,0.51,86,3,82,1,Yellow
11,2,19,0.0,100,5,84,2,Orange
12,3,47,0.0,89,5,83,1,Yellow
13,0,13,0.0,102,4,81,1,Yellow
22,37,85,0.03,84,5,81,1,Yellow
15,0,20,0.0,100,6,81,1,Yellow
13,43,72,0.05,87,8,86,3,Red
14,47,61,0.0,89,7,86,3,Red
10,9,52,0.0,64,8,62,0,Green
19,46,70,0.03,86,5,81,1,Yellow
14,0,13,0.0,107,3,84,2,Orange
19,5,12,0.0,91,4,70,0,Green
16,33,70,0.01,87,9,84,2,Orange
11,4,16,0.0,98,2,81,1,Yellow
15,100,96,0.02,68,6,67,0,Green
15,44,78,0.16,87,11,86,3,Red
16,53,68,0.17,89,9,84,2,Orange
18,24,68,0.0,89,5,83,1,Yellow
17,43,75,0.37,87,3,84,2,Orange
15,66,69,0.15,91,12,87,3,Red
15,52,62,0.06,91,3,86,3,Red
15,45,66,0.19,91,6,88,3,Red
8,6,14,0.0,100,8,82,1,Yellow
10,2,8,0.0,107,5,85,2,Orange
14,10,11,0.0,109,5,84,2,Orange
8,4,12,0.0,104,6,85,2,Orange
19,7,77,0.0,87,10,83,1,Yellow
10,4,16,0.0,102,6,84,2,Orange
12,1,16,0.0,98,3,81,1,Yellow
15,59,55,0.0,91,9,84,2,Orange
13,14,11,0.0,109,6,84,2,Orange
8,17,46,0.0,93,5,85,2,Orange
11,2,13,0.0,84,2,69,0,Green
16,50,50,0.0,77,3,69,0,Green
14,12,59,0.0,89,11,85,2,Orange
13,39,66,0.02,89,7,86,3,Red
11,4,16,0.0,100,7,82,1,Yellow
15,68,78,0.1,89,10,87,3,Red
13,18,60,0.0,93,5,90,3,Red
19,4,52,0.0,75,4,66,0,Green
10,26,38,0.0,84,4,77,0,Green
16,49,75,0.02,89,11,85,2,Orange
12,15,70,0.0,89,5,88,3,Red
11,2,9,0.0,105,6,83,1,Yellow
21,7,79,0.0,75,2,71,0,Green
20,44,90,0.12,82,5,81,1,Yellow
14,24,61,0.0,91,7,88,3,Red
14,4,19,0.0,98,4,79,0,Green
12,5,18,0.0,98,5,81,1,Yellow
17,50,77,0.04,86,7,82,1,Yellow
15,91,84,0.18,71,5,69,0,Green
10,1,18,0.0,100,7,84,2,Orange
15,69,70,0.42,89,6,85,2,Orange
15,3,12,0.0,102,10,79,0,Green
12,24,66,0.0,89,4,87,3,Red
9,3,19,0.0,71,4,60,0,Green
11,2,7,0.0,109,5,85,2,Orange
11,1,36,0.0,89,4,80,0,Green
12,6,10,0.0,107,3,84,2,Orange
13,9,10,0.0,109,5,84,2,Orange
13,4,16,0.0,89,8,74,0,Green
17,62,70,0.35,89,3,84,2,Orange
11,6,16,0.0,95,5,80,0,Green
13,47,75,0.02,89,9,88,3,Red
12,13,18,0.0,100,5,82,1,Yellow
10,1,10,0.0,109,2,87,3,Red
8,0,61,0.0,71,7,67,0,Green
14,12,11,0.0,109,6,84,2,Orange
18,79,87,0.01,71,8,68,0,Green
18,25,72,0.01,89,5,84,2,Orange
19,72,91,0.38,80,9,77,0,Green
15,54,80,0.09,86,9,84,2,Orange
13,37,57,0.0,86,9,81,1,Yellow
8,1,8,0.0,102,5,81,1,Yellow
10,1,9,0.0,107,6,86,3,Red
20,46,80,0.02,86,9,82,1,Yellow
14,11,11,0.0,109,5,84,2,Orange
11,3,10,0.0,111,4,89,3,Red
16,71,71,0.32,91,12,86,3,Red
11,8,9,0.0,111,3,88,3,Red
15,33,66,0.89,89,7,85,2,Orange
13,29,73,0.04,89,6,88,3,Red
13,18,70,0.0,89,6,88,3,Red
11,13,75,0.0,89,5,86,3,Red
15,36,52,0.0,89,10,81,1,Yellow
13,30,77,0.34,86,12,84,2,Orange
15,65,83,0.0,55,4,52,0,Green
12,21,75,0.0,86,4,86,3,Red
15,89,97,0.02,77,9,77,0,Green
12,36,73,0.1,91,9,88,3,Red
15,24,62,0.0,91,4,87,3,Red
20,92,84,0.0,69,15,67,0,Green
15,48,68,0.06,91,7,87,3,Red
13,4,9,0.0,113,6,86,3,Red
19,9,17,0.0,91,2,71,0,Green
14,44,79,0.18,89,17,87,3,Red
15,42,64,0.05,89,4,86,3,Red
15,51,67,0.0,86,9,81,1,Yellow
18,13,54,0.0,62,2,56,0,Green
13,95,90,1.39,80,15,79,0,Green
19,55,77,0.0,78,2,74,0,Green
12,3,17,0.0,91,2,75,0,Green
19,2,58,0.0,82,5,74,0,Green
11,3,16,0.0,109,3,89,3,Red
8,2,15,0.0,100,3,83,1,Yellow
13,28,64,0.01,89,5,87,3,Red
12,8,13,0.0,109,2,86,3,Red
15,12,15,0.0,100,5,78,0,Green
11,6,17,0.0,82,13,68,0,Green
11,2,8,0.0,107,5,84,2,Orange
8,4,21,0.0,100,3,84,2,Orange
13,23,72,0.0,89,8,88,3,Red
17,56,75,0.11,87,8,84,2,Orange
16,55,80,0.04,86,5,83,1,Yellow
8,2,15,0.0,98,2,81,1,Yellow
11,1,10,0.0,107,3,84,2,Orange
13,30,68,0.01,91,9,88,3,Red
12,13,68,0.0,91,5,88,3,Red
10,4,12,0.0,104,5,84,2,Orange
11,55,85,0.41,84,8,84,2,Orange
11,2,10,0.0,111,6,88,3,Red
17,93,81,0.03,66,6,64,0,Green
10,1,13,0.0,107,4,88,3,Red
13,25,77,0.0,86,5,86,3,Red
14,64,70,0.38,89,9,86,3,Red
7,38,75,0.0,55,3,54,0,Green
15,32,58,0.61,93,3,87,3,Red
12,3,14,0.0,109,3,88,3,Red
18,6,78,0.0,64,4,61,0,Green
19,11,14,0.0,84,3,66,0,Green
14,46,66,0.0,89,9,85,2,Orange
13,50,72,0.05,91,15,87,3,Red
18,100,93,0.05,68,8,67,0,Green
13,4,57,0.0,73,11,67,0,Green
11,98,81,0.06,73,5,71,0,Green
14,26,61,0.0,91,7,88,3,Red
11,13,11,0.0,109,8,86,3,Red
11,26,77,0.0,87,5,86,3,Red
15,3,23,0.0,96,5,81,1,Yellow
15,49,77,0.05,86,8,84,2,Orange
17,20,82,0.01,86,6,84,2,Orange
13,8,13,0.0,111,2,86,3,Red
11,5,8,0.0,102,6,81,1,Yellow
13,41,75,0.1,89,14,87,3,Red
15,59,66,0.67,89,5,84,2,Orange
16,41,72,0.0,89,6,85,2,Orange
16,15,77,0.0,89,11,86,3,Red
13,4,10,0.0,111,5,86,3,Red
14,1,39,0.0,91,5,82,1,Yellow
15,24,20,0.0,73,12,57,0,Green
13,0,21,0.0,102,6,83,1,Yellow
19,94,97,0.02,62,6,61,0,Green
14,23,65,0.0,84,4,82,1,Yellow
10,15,77,0.0,86,2,84,2,Orange
11,23,14,0.0,89,6,73,0,Green
13,78,70,0.24,89,12,87,3,Red
17,50,60,0.24,91,4,84,2,Orange
14,5,9,0.0,113,5,87,3,Red
11,3,19,0.0,98,3,82,1,Yellow
10,19,82,0.04,84,4,83,1,Yellow
11,14,17,0.0,107,5,88,3,Red
8,5,12,0.0,91,5,74,0,Green
16,36,25,0.0,80,9,65,0,Green
15,6,9,0.0,105,3,81,1,Yellow
18,19,72,0.02,82,6,78,0,Green
13,63,75,0.12,89,14,88,3,Red
9,2,9,0.0,104,3,84,2,Orange
14,39,80,0.01,87,6,87,3,Red
19,87,87,0.04,64,8,62,0,Green
16,8,15,0.0,98,3,76,0,Green
11,37,72,0.04,89,5,86,3,Red
18,3,58,0.0,82,6,75,0,Green
10,38,78,0.01,87,5,85,2,Orange
14,29,62,0.0,89,5,86,3,Red
15,47,82,0.13,84,11,83,1,Yellow
18,3,29,0.0,71,2,58,0,Green
11,1,18,0.0,100,8,83,1,Yellow
13,16,66,0.0,91,5,88,3,Red
13,5,10,0.0,109,5,84,2,Orange
14,13,11,0.0,109,5,84,2,Orange
7,3,24,0.0,69,2,59,0,Green
11,7,15,0.0,100,7,81,1,Yellow
15,4,12,0.0,82,9,63,0,Green
11,1,20,0.0,98,5,82,1,Yellow
17,73,80,0.29,87,12,84,2,Orange
13,28,68,0.03,89,8,87,3,Red
17,53,66,0.52,89,6,84,2,Orange
15,11,15,0.0,89,5,70,0,Green
11,3,9,0.0,109,3,86,3,Red
18,2,27,0.0,93,4,77,0,Green
14,12,10,0.0,113,5,87,3,Red
14,4,6,0.0,102,8,77,0,Green
19,4,13,0.0,89,2,70,0,Green
12,26,67,0.01,84,4,82,1,Yellow
15,21,66,0.0,89,12,85,2,Orange
12,87,77,0.0,82,8,79,0,Green
9,2,57,0.0,73,2,70,0,Green
9,0,20,0.0,95,3,81,1,Yellow
12,3,10,0.0,113,4,88,3,Red
11,9,27,0.0,78,7,68,0,Green
12,7,13,0.0,109,5,86,3,Red
12,7,8,0.0,113,3,88,3,Red
15,8,10,0.0,104,4,80,0,Green
19,9,31,0.0,75,4,62,0,Green
13,75,77,0.42,87,7,86,3,Red
16,46,73,0.15,87,6,84,2,Orange
11,4,9,0.0,105,4,84,2,Orange
16,6,8,0.0,89,3,68,0,Green
12,8,21,0.0,57,17,48,0,Green
19,1,28,0.0,82,3,68,0,Green
13,60,77,0.04,87,6,87,3,Red
11,4,12,0.0,107,5,87,3,Red
10,3,20,0.0,93,4,79,0,Green
16,1,47,0.0,91,7,81,1,Yellow
12,44,66,0.02,91,6,88,3,Red
15,42,75,0.04,87,6,85,2,Orange
14,17,68,0.01,91,7,88,3,Red
12,10,65,0.0,84,8,82,1,Yellow
13,20,72,0.0,87,5,86,3,Red
16,30,75,0.01,89,9,85,2,Orange
19,21,87,0.0,62,4,59,0,Green
12,1,7,0.0,109,3,84,2,Orange
19,42,82,0.0,84,7,81,1,Yellow
12,5,8,0.0,109,6,84,2,Orange
18,100,81,0.0,66,5,63,0,Green
12,34,77,0.03,89,9,87,3,Red
16,18,56,0.01,93,7,87,3,Red
14,47,64,0.04,93,7,89,3,Red
18,92,85,0.04,75,16,72,0,Green
13,17,64,0.0,91,4,89,3,Red
16,38,66,0.29,91,5,86,3,Red
13,35,80,0.0,86,5,86,3,Red
10,2,10,0.0,104,5,83,1,Yellow
13,40,70,0.01,86,9,85,2,Orange
13,6,12,0.0,111,2,86,3,Red
20,5,21,0.0,77,6,62,0,Green
17,13,16,0.0,84,4,66,0,Green
20,45,74,0.02,84,2,80,0,Green
13,2,9,0.0,105,7,81,1,Yellow
9,5,13,0.0,102,7,83,1,Yellow
11,76,72,0.0,59,3,57,0,Green
13,52,39,0.0,93,2,84,2,Orange
19,5,71,0.0,77,3,73,0,Green
12,21,37,0.0,89,9,81,1,Yellow
12,21,39,0.0,95,2,86,3,Red
13,3,15,0.0,104,7,83,1,Yellow
11,0,40,0.0,80,14,72,0,Green
17,62,68,0.06,86,4,81,1,Yellow
10,2,8,0.0,107,5,86,3,Red
14,2,16,0.0,100,3,80,0,Green
10,2,10,0.0,105,5,85,2,Orange
18,44,72,0.01,86,5,82,1,Yellow
12,1,19,0.0,100,5,83,1,Yellow
15,2,34,0.0,86,2,74,0,Green
13,10,13,0.0,111,2,87,3,Red
18,3,21,0.0,73,4,58,0,Green
11,0,16,0.0,104,3,85,2,Orange
15,28,63,0.0,84,3,81,1,Yellow
18,38,82,0.15,86,11,82,1,Yellow
13,4,8,0.0,111,5,85,2,Orange
17,1,42,0.0,82,5,71,0,Green
18,89,85,0.03,78,9,75,0,Green
12,6,11,0.0,111,5,88,3,Red
12,45,64,0.0,87,9,84,2,Orange
12,35,68,0.01,91,8,88,3,Red
14,21,64,0.01,89,8,87,3,Red
16,95,97,0.05,75,12,75,0,Green
11,5,6,0.0,98,9,75,0,Green
14,63,80,0.06,86,10,84,2,Orange
12,11,80,0.0,87,7,87,3,Red
10,55,79,0.01,84,6,82,1,Yellow
11,8,15,0.0,109,3,89,3,Red
11,1,14,0.0,86,2,72,0,Green
17,4,33,0.0,86,3,72,0,Green
16,6,19,0.0,91,3,73,0,Green
16,50,70,0.08,87,7,84,2,Orange
15,5,12,0.0,105,5,82,1,Yellow
18,1,36,0.0,80,1,68,0,Green
13,78,85,0.35,84,19,83,1,Yellow
10,3,10,0.0,104,3,84,2,Orange
15,91,90,0.04,71,8,71,0,Green
17,6,11,0.0,98,2,74,0,Green
19,3,33,0.0,82,2,70,0,Green
18,5,12,0.0,84,4,65,0,Green
9,1,15,0.0,75,2,62,0,Green
18,57,72,0.08,89,7,84,2,Orange
16,76,67,0.65,89,9,85,2,Orange
17,37,16,0.0,87,6,68,0,Green
20,97,100,0.01,71,8,71,0,Green
14,4,7,0.0,111,5,84,2,Orange
11,5,10,0.0,104,5,83,1,Yellow
18,48,77,0.0,86,8,83,1,Yellow
8,3,55,0.0,59,11,56,0,Green
12,2,7,0.0,113,5,87,3,Red
17,58,73,0.3,89,7,84,2,Orange
16,38,66,0.52,89,6,84,2,Orange
12,15,56,0.0,86,7,82,1,Yellow
14,68,62,0.0,89,5,84,2,Orange
17,64,75,0.25,86,5,82,1,Yellow
13,17,16,0.0,100,5,81,1,Yellow
14,44,61,0.02,91,6,87,3,Red
16,49,68,0.09,91,9,86,3,Red
11,2,29,0.0,96,7,84,2,Orange
12,7,77,0.01,89,6,88,3,Red
13,57,72,0.05,87,8,86,3,Red
16,69,62,0.02,89,7,83,1,Yellow
15,27,78,0.0,86,5,85,2,Orange
15,0,44,0.0,82,6,72,0,Green
10,4,57,0.0,82,2,78,0,Green
13,0,11,0.0,109,2,85,2,Orange
11,5,20,0.0,80,4,68,0,Green
12,9,9,0.0,107,5,84,2,Orange
12,18,73,0.0,89,5,87,3,Red
14,6,14,0.0,105,12,83,1,Yellow
16,25,57,0.0,89,6,81,1,Yellow
16,64,77,0.0,84,15,81,1,Yellow
14,47,67,0.63,89,8,87,3,Red
15,1,41,0.0,93,6,82,1,Yellow
16,57,77,0.17,86,4,84,2,Orange
16,14,13,0.0,84,7,64,0,Green
12,5,10,0.0,109,4,85,2,Orange
15,4,11,0.0,82,13,64,0,Green
14,53,68,0.02,89,3,87,3,Red
13,8,13,0.0,111,3,86,3,Red
18,26,64,0.0,91,4,84,2,Orange
14,4,7,0.0,114,7,86,3,Red
12,13,18,0.0,84,10,68,0,Green
13,46,9,0.0,77,14,60,0,Green
17,50,70,0.04,89,7,84,2,Orange
13,47,70,0.0,87,6,86,3,Red
15,12,66,0.01,89,2,85,2,Orange
10,2,9,0.0,109,4,87,3,Red
18,3,12,0.0,95,7,73,0,Green
10,0,19,0.0,95,3,81,1,Yellow
16,48,70,0.06,89,7,86,3,Red
11,1,20,0.0,96,5,82,1,Yellow
11,3,18,0.0,100,4,82,1,Yellow
8,2,10,0.0,102,11,82,1,Yellow
10,3,57,0.0,75,5,73,0,Green
11,4,70,0.0,84,5,82,1,Yellow
21,61,88,0.2,80,2,77,0,Green
16,23,26,0.0,71,5,58,0,Green
12,7,16,0.0,107,4,87,3,Red
15,22,66,0.03,91,8,86,3,Red
16,42,59,0.24,91,4,84,2,Orange
10,2,17,0.0,84,13,69,0,Green
15,25,75,0.01,87,9,85,2,Orange
14,52,79,0.41,86,9,85,2,Orange
12,6,7,0.0,111,14,84,2,Orange
14,100,76,0.02,71,7,68,0,Green
16,36,66,0.0,91,6,86,3,Red
17,57,68,0.01,87,9,82,1,Yellow
16,34,78,0.01,89,6,86,3,Red
13,4,11,0.0,111,4,86,3,Red
17,1,45,0.0,86,5,76,0,Green
11,48,82,0.0,84,2,83,1,Yellow
18,25,66,0.05,91,8,84,2,Orange
18,62,80,0.06,84,5,81,1,Yellow
16,22,68,0.03,89,8,85,2,Orange
12,15,9,0.0,104,3,81,1,Yellow
11,5,57,0.0,87,9,83,1,Yellow
8,3,12,0.0,100,6,81,1,Yellow
21,88,81,0.0,71,2,68,0,Green
13,18,66,0.0,91,6,88,3,Red
16,49,66,0.05,91,6,86,3,Red
11,7,18,0.0,104,6,85,2,Orange
14,6,8,0.0,109,10,83,1,Yellow
13,5,12,0.0,102,5,80,0,Green
14,57,72,0.0,86,12,83,1,Yellow
14,13,38,0.0,87,7,76,0,Green
14,5,14,0.0,100,5,78,0,Green
9,0,32,0.0,75,7,65,0,Green
16,45,75,0.0,87,10,85,2,Orange
13,45,33,0.0,66,12,57,0,Green
9,8,16,0.0,104,5,87,3,Red
10,2,14,0.0,107,4,88,3,Red
12,11,14,0.0,105,4,84,2,Orange
9,10,14,0.0,102,5,84,2,Orange
12,3,8,0.0,107,5,82,1,Yellow
16,67,63,0.15,93,8,87,3,Red
14,6,13,0.0,82,12,64,0,Green
14,27,71,0.0,73,8,69,0,Green
11,20,47,0.0,91,6,84,2,Orange
10,100,90,0.03,60,2,59,0,Green
11,46,70,0.0,84,7,81,1,Yellow
15,3,40,0.0,89,5,80,0,Green
16,100,50,0.0,77,15,68,0,Green
10,3,21,0.0,75,3,64,0,Green
10,3,10,0.0,102,5,82,1,Yellow
12,3,18,0.0,86,5,73,0,Green
13,16,66,0.0,91,7,88,3,Red
10,62,87,0.0,73,4,71,0,Green
11,3,8,0.0,111,8,86,3,Red
13,24,46,0.0,91,8,85,2,Orange
13,40,70,0.0,91,6,88,3,Red
12,47,75,0.28,87,4,86,3,Red
12,5,10,0.0,107,5,84,2,Orange
11,9,14,0.0,104,4,85,2,Orange
13,28,72,0.0,82,3,81,1,Yellow
10,43,75,0.03,89,9,84,2,Orange
11,6,16,0.0,104,4,85,2,Orange
20,48,93,0.39,80,5,79,0,Green
11,7,10,0.0,104,3,82,1,Yellow
15,48,72,0.17,87,9,85,2,Orange
14,34,66,0.03,91,5,88,3,Red
16,18,17,0.0,86,5,69,0,Green
17,67,80,0.12,87,14,84,2,Orange
12,6,9,0.0,104,5,81,1,Yellow
16,41,70,0.03,91,12,87,3,Red
14,37,61,0.03,89,12,86,3,Red
18,4,11,0.0,93,2,71,0,Green
12,2,18,0.0,100,2,83,1,Yellow
15,54,75,0.29,87,9,84,2,Orange
11,3,9,0.0,102,12,79,0,Green
10,3,11,0.0,107,4,86,3,Red
13,4,12,0.0,73,3,60,0,Green
17,6,33,0.0,71,6,59,0,Green
14,25,77,0.0,87,5,87,3,Red
14,9,50,0.0,89,7,83,1,Yellow
17,8,32,0.0,80,8,66,0,Green
16,30,63,0.04,89,5,84,2,Orange
15,93,91,0.09,78,7,77,0,Green
18,3,39,0.0,78,3,68,0,Green
13,26,73,0.0,89,6,88,3,Red
14,4,26,0.0,93,5,81,1,Yellow
17,7,18,0.0,84,4,66,0,Green
16,62,61,0.05,89,3,83,1,Yellow
11,5,11,0.0,107,5,85,2,Orange
9,5,12,0.0,104,11,84,2,Orange
15,48,70,0.01,87,13,83,1,Yellow
14,81,76,0.0,73,10,71,0,Green
9,3,10,0.0,102,7,82,1,Yellow
17,51,64,0.22,91,2,84,2,Orange
21,9,81,0.0,77,2,74,0,Green
13,26,65,0.0,86,7,84,2,Orange
20,16,82,0.01,86,9,82,1,Yellow
11,3,14,0.0,104,6,84,2,Orange
11,29,80,0.06,86,7,84,2,Orange
11,11,64,0.0,75,6,73,0,Green
16,23,22,0.0,84,6,67,0,Green
12,2,9,0.0,111,5,86,3,Red
14,28,55,0.0,87,5,82,1,Yellow
10,0,21,0.0,95,4,81,1,Yellow
14,14,20,0.0,102,6,83,1,Yellow
10,10,21,0.0,104,4,88,3,Red
8,2,9,0.0,102,5,81,1,Yellow
13,4,8,0.0,113,4,86,3,Red
12,6,12,0.0,109,5,85,2,Orange
20,25,19,0.0,75,5,60,0,Green
13,50,73,0.04,89,3,87,3,Red
12,2,9,0.0,107,6,83,1,Yellow
11,6,9,0.0,107,3,83,1,Yellow
14,16,64,0.0,89,3,87,3,Red
14,34,68,0.06,89,5,87,3,Red
13,40,74,0.26,87,14,85,2,Orange
18,6,77,0.0,87,10,84,2,Orange
12,13,70,0.0,89,3,88,3,Red
11,10,8,0.0,98,9,78,0,Green
13,75,77,0.09,84,8,81,1,Yellow
13,3,25,0.0,98,7,81,1,Yellow
13,10,11,0.0,96,11,74,0,Green
21,97,100,0.09,71,8,70,0,Green
12,12,68,0.0,91,5,88,3,Red
14,60,76,0.02,75,9,71,0,Green
12,0,11,0.0,107,2,85,2,Orange
20,97,97,0.02,73,11,71,0,Green
12,25,64,0.0,89,4,86,3,Red
10,30,85,0.0,84,4,83,1,Yellow
11,10,61,0.0,86,7,83,1,Yellow
13,25,56,0.0,87,5,83,1,Yellow
14,5,11,0.0,109,5,84,2,Orange
11,5,11,0.0,109,6,87,3,Red
13,9,8,0.0,107,7,82,1,Yellow
12,6,13,0.0,98,11,77,0,Green
12,6,9,0.0,105,4,82,1,Yellow
12,49,68,0.01,86,3,84,2,Orange
12,9,17,0.0,82,5,68,0,Green
15,6,9,0.0,107,4,82,1,Yellow
13,50,74,0.0,82,4,81,1,Yellow
19,60,91,0.3,82,5,81,1,Yellow
10,1,14,0.0,107,5,88,3,Red
15,38,64,0.29,91,5,86,3,Red
15,25,70,0.01,89,8,87,3,Red
16,8,57,0.0,86,5,79,0,Green
16,56,68,0.11,91,9,86,3,Red
11,2,16,0.0,98,3,82,1,Yellow
14,30,72,0.02,89,7,87,3,Red
13,28,47,0.0,87,5,81,1,Yellow
12,55,70,0.01,87,5,85,2,Orange
18,55,70,0.17,87,3,82,1,Yellow
11,2,9,0.0,111,4,87,3,Red
18,4,36,0.0,68,8,57,0,Green
11,2,20,0.0,87,2,74,0,Green
19,6,81,0.0,62,0,59,0,Green
13,16,68,0.0,91,6,89,3,Red
12,9,51,0.0,89,10,83,1,Yellow
14,2,11,0.0,107,7,82,1,Yellow
10,2,11,0.0,109,4,87,3,Red
12,8,11,0.0,109,6,86,3,Red
10,40,67,0.01,86,9,82,1,Yellow
16,67,80,0.36,84,16,82,1,Yellow
17,63,70,0.11,89,7,84,2,Orange
11,2,11,0.0,109,4,87,3,Red
16,39,66,0.0,91,13,85,2,Orange
16,64,77,0.37,86,7,84,2,Orange
14,56,77,0.13,86,10,86,3,Red
16,86,83,0.72,84,15,81,1,Yellow
12,0,20,0.0,98,5,82,1,Yellow
14,4,10,0.0,105,6,81,1,Yellow
10,0,19,0.0,100,2,84,2,Orange
12,5,12,0.0,107,5,85,2,Orange
18,61,78,0.03,87,9,84,2,Orange
20,16,73,0.0,77,4,73,0,Green
16,41,73,0.0,89,11,85,2,Orange
12,2,11,0.0,111,5,87,3,Red
18,43,77,0.24,86,5,82,1,Yellow
10,2,9,0.0,104,5,84,2,Orange
14,56,63,0.0,87,9,84,2,Orange
10,3,7,0.0,107,4,85,2,Orange
17,51,73,0.05,89,5,84,2,Orange
16,82,83,0.7,84,14,81,1,Yellow
8,52,51,0.01,87,13,80,0,Green
18,46,72,0.34,86,4,82,1,Yellow
14,30,73,0.02,89,9,87,3,Red
20,83,82,0.02,71,19,68,0,Green
11,7,17,0.0,107,3,88,3,Red
18,43,72,0.06,89,6,84,2,Orange
11,8,11,0.0,95,5,75,0,Green
17,73,68,0.05,89,10,83,1,Yellow
12,3,7,0.0,104,4,81,1,Yellow
12,3,8,0.0,111,3,86,3,Red
18,8,32,0.0,77,8,64,0,Green
11,20,77,0.0,86,4,85,2,Orange
14,40,74,0.05,89,13,89,3,Red
18,51,77,0.02,86,7,83,1,Yellow
13,37,66,0.0,91,7,89,3,Red
8,2,13,0.0,98,12,79,0,Green
9,16,60,0.0,77,2,74,0,Green
11,2,11,0.0,104,6,84,2,Orange
11,14,18,0.0,100,5,83,1,Yellow
11,46,72,0.63,87,8,84,2,Orange
15,28,73,0.01,89,7,87,3,Red
14,5,56,0.0,87,5,82,1,Yellow
14,77,78,0.0,71,14,69,0,Green
13,88,76,0.01,71,11,68,0,Green
11,2,61,0.0,87,2,84,2,Orange
15,0,31,0.0,71,7,61,0,Green
12,71,82,0.04,78,1,78,0,Green
15,56,68,0.06,89,6,86,3,Red
15,2,49,0.0,89,10,81,1,Yellow
7,2,31,0.0,64,2,55,0,Green
13,10,27,0.0,91,3,76,0,Green
10,4,14,0.0,100,11,81,1,Yellow
14,5,18,0.0,100,5,81,1,Yellow
8,4,12,0.0,104,10,83,1,Yellow
17,1,29,0.0,84,5,70,0,Green
12,24,64,0.0,89,4,86,3,Red
12,6,14,0.0,104,4,84,2,Orange
16,37,68,0.0,87,11,84,2,Orange
16,14,70,0.0,91,6,88,3,Red
8,2,31,0.0,95,3,83,1,Yellow
18,46,70,0.03,86,5,81,1,Yellow
14,26,12,0.0,104,6,80,0,Green
16,2,73,0.0,68,7,64,0,Green
14,32,72,0.0,86,12,84,2,Orange
14,25,66,0.0,91,8,89,3,Red
12,4,10,0.0,113,3,88,3,Red
12,26,75,0.0,89,6,87,3,Red
14,19,24,0.0,89,9,73,0,Green
15,40,70,0.03,87,9,84,2,Orange
13,22,68,0.0,91,7,89,3,Red
11,3,21,0.0,104,3,87,3,Red
16,39,75,0.0,89,13,85,2,Orange
17,61,72,0.13,89,7,84,2,Orange
11,5,11,0.0,107,2,85,2,Orange
15,24,52,0.0,89,4,81,1,Yellow
12,58,59,0.01,89,9,86,3,Red
12,7,8,0.0,109,11,84,2,Orange
14,18,10,0.0,86,7,66,0,Green
13,5,8,0.0,109,3,83,1,Yellow
16,52,61,0.06,89,3,84,2,Orange
10,5,10,0.0,107,6,86,3,Red
12,11,17,0.0,98,3,80,0,Green
17,7,14,0.0,89,4,69,0,Green
15,3,20,0.0,93,5,76,0,Green
15,48,64,0.01,87,8,83,1,Yellow
13,46,66,0.76,89,8,86,3,Red
12,100,90,0.1,68,5,67,0,Green
12,29,50,0.0,87,8,82,1,Yellow
13,2,28,0.0,93,5,81,1,Yellow
11,14,80,0.0,84,7,83,1,Yellow
17,68,55,0.0,86,4,79,0,Green
13,5,11,0.0,111,2,86,3,Red
17,71,66,0.05,89,3,83,1,Yellow
17,66,72,0.08,86,6,82,1,Yellow
11,17,70,0.0,89,4,87,3,Red
14,3,10,0.0,113,5,86,3,Red
16,43,67,0.04,89,8,85,2,Orange
11,3,11,0.0,104,5,83,1,Yellow
13,74,82,0.17,87,16,86,3,Red
12,12,11,0.0,100,6,79,0,Green
14,46,70,0.03,89,6,88,3,Red
19,17,69,0.0,78,5,73,0,Green
12,14,41,0.0,91,9,83,1,Yellow
15,65,75,0.65,86,7,84,2,Orange
16,9,75,0.0,89,7,86,3,Red
18,32,64,0.0,91,4,84,2,Orange
13,22,68,0.0,89,4,87,3,Red
13,32,66,0.01,91,3,88,3,Red
11,32,70,0.0,86,8,83,1,Yellow
13,35,75,0.03,89,15,86,3,Red
21,45,88,0.14,82,5,80,0,Green
12,2,11,0.0,105,4,84,2,Orange
12,7,13,0.0,102,5,80,0,Green
15,2,43,0.0,84,10,75,0,Green
15,36,68,0.0,91,6,88,3,Red
18,92,54,0.0,75,14,67,0,Green
17,52,77,1.81,84,7,81,1,Yellow
14,58,66,0.02,87,3,85,2,Orange
8,8,37,0.0,77,2,69,0,Green
13,5,61,0.0,87,7,84,2,Orange
14,6,11,0.0,102,2,81,1,Yellow
11,30,77,0.01,86,2,85,2,Orange
18,80,88,0.06,75,8,72,0,Green
12,14,55,0.0,87,3,83,1,Yellow
12,21,75,0.0,89,5,87,3,Red
13,23,64,0.0,91,3,89,3,Red
8,6,16,0.0,75,7,62,0,Green
14,61,82,0.66,84,17,84,2,Orange
13,98,82,1.51,84,15,81,1,Yellow
13,60,70,0.01,87,5,85,2,Orange
12,3,9,0.0,109,3,85,2,Orange
14,5,15,0.0,109,2,85,2,Orange
11,4,11,0.0,111,5,89,3,Red
14,79,70,0.11,86,7,83,1,Yellow
17,1,32,0.0,91,5,78,0,Green
16,33,74,0.01,89,12,86,3,Red
8,18,26,0.0,82,4,71,0,Green
17,58,68,0.17,89,4,83,1,Yellow
11,6,11,0.0,107,10,85,2,Orange
16,81,67,0.48,89,7,84,2,Orange
14,11,9,0.0,113,4,86,3,Red
9,3,12,0.0,102,5,82,1,Yellow
9,20,66,0.0,77,3,73,0,Green
12,10,5,0.0,104,5,79,0,Green
14,60,79,0.17,89,12,88,3,Red
12,0,34,0.0,93,6,81,1,Yellow
10,14,83,0.0,84,4,82,1,Yellow
13,72,80,0.0,84,13,84,2,Orange
17,4,63,0.0,82,5,77,0,Green
16,22,65,0.01,89,2,84,2,Orange
13,100,100,0.33,66,7,66,0,Green
10,72,85,0.2,82,12,81,1,Yellow
12,8,18,0.0,98,7,81,1,Yellow
13,23,68,0.0,89,4,87,3,Red
15,35,72,0.13,86,9,84,2,Orange
15,47,68,0.24,91,8,86,3,Red
14,37,68,0.09,91,15,88,3,Red
8,4,12,0.0,102,12,82,1,Yellow
16,13,75,0.0,89,9,85,2,Orange
16,17,29,0.0,89,8,76,0,Green
14,6,12,0.0,91,4,71,0,Green
9,7,23,0.0,80,5,67,0,Green
16,4,24,0.0,96,5,79,0,Green
15,17,58,0.01,93,7,87,3,Red
14,41,65,0.14,89,8,86,3,Red
13,32,72,0.0,86,9,85,2,Orange
10,5,31,0.0,59,8,52,0,Green
15,5,13,0.0,104,3,82,1,Yellow
10,6,24,0.0,82,4,70,0,Green
17,45,78,0.02,87,10,84,2,Orange
15,3,9,0.0,107,3,82,1,Yellow
11,14,74,0.0,87,5,85,2,Orange
10,2,8,0.0,109,4,87,3,Red
15,58,73,0.01,86,14,83,1,Yellow
12,3,26,0.0,93,9,79,0,Green
16,20,57,0.0,86,4,79,0,Green
14,32,70,0.0,89,6,87,3,Red
10,2,23,0.0,98,4,84,2,Orange
14,7,9,0.0,107,5,81,1,Yellow
19,69,72,0.05,86,7,81,1,Yellow
14,72,77,0.11,82,12,79,0,Green
13,1,13,0.0,89,5,71,0,Green
16,0,40,0.0,82,5,70,0,Green
9,10,15,0.0,96,5,80,0,Green
11,2,9,0.0,105,5,84,2,Orange
10,3,9,0.0,107,9,84,2,Orange
13,65,72,0.17,87,5,86,3,Red
11,11,70,0.0,89,5,86,3,Red
16,4,15,0.0,78,7,62,0,Green
13,16,80,0.0,87,9,87,3,Red
13,22,75,0.0,87,9,86,3,Red
11,3,14,0.0,109,5,87,3,Red
17,65,73,0.02,87,9,83,1,Yellow
13,44,74,0.0,84,5,83,1,Yellow
15,25,62,0.0,91,4,86,3,Red
19,5,19,0.0,75,3,60,0,Green
11,44,80,0.04,86,3,85,2,Orange
13,46,73,0.28,89,5,87,3,Red
10,93,100,0.07,66,5,66,0,Green
12,22,73,0.0,89,7,87,3,Red
16,4,10,0.0,105,5,80,0,Green
16,5,16,0.0,80,2,63,0,Green
18,27,73,0.0,89,5,84,2,Orange
15,22,31,0.0,96,3,84,2,Orange
7,7,14,0.0,100,7,81,1,Yellow
8,5,13,0.0,104,6,84,2,Orange
11,10,16,0.0,100,5,82,1,Yellow
13,23,55,0.0,86,9,81,1,Yellow
12,7,12,0.0,111,2,87,3,Red
16,69,69,0.18,91,11,86,3,Red
16,51,75,0.09,86,7,83,1,Yellow
14,41,72,0.02,86,21,84,2,Orange
13,25,11,0.0,107,11,82,1,Yellow
14,50,70,0.02,89,7,87,3,Red
16,2,36,0.0,91,9,79,0,Green
15,86,78,0.0,73,6,70,0,Green
14,53,66,0.05,87,8,85,2,Orange
14,91,90,0.59,80,16,80,0,Green
18,28,75,0.03,87,6,83,1,Yellow
13,32,80,0.03,87,9,87,3,Red
15,2,36,0.0,93,9,81,1,Yellow
11,11,14,0.0,105,5,86,3,Red
15,56,70,0.56,89,3,87,3,Red
17,45,75,0.13,86,9,82,1,Yellow
10,7,82,0.0,86,4,84,2,Orange
11,5,9,0.0,113,7,88,3,Red
11,1,15,0.0,102,4,84,2,Orange
10,0,19,0.0,93,2,79,0,Green
13,58,75,0.32,89,7,87,3,Red
12,3,8,0.0,111,4,86,3,Red
10,4,13,0.0,107,5,88,3,Red
11,3,8,0.0,111,7,87,3,Red
13,5,10,0.0,109,7,84,2,Orange
15,37,66,0.04,89,5,85,2,Orange
11,52,82,0.03,86,5,84,2,Orange
13,6,16,0.0,105,7,84,2,Orange
19,73,78,0.0,62,2,59,0,Green
19,35,79,0.0,77,4,73,0,Green
10,1,12,0.0,107,4,87,3,Red
10,2,19,0.0,96,4,82,1,Yellow
12,6,13,0.0,111,2,87,3,Red
11,4,8,0.0,109,11,86,3,Red
13,7,11,0.0,105,3,82,1,Yellow
14,41,69,0.01,86,10,85,2,Orange
8,5,18,0.0,102,8,84,2,Orange
13,37,73,0.0,89,6,88,3,Red
11,4,10,0.0,111,9,87,3,Red
13,63,77,0.49,87,9,86,3,Red
11,8,9,0.0,109,5,86,3,Red
10,29,75,0.0,89,6,85,2,Orange
13,5,50,0.0,86,4,81,1,Yellow
18,55,47,0.0,73,4,64,0,Green
8,38,59,0.01,86,12,80,0,Green
15,0,33,0.0,89,2,75,0,Green
7,19,52,0.0,89,5,82,1,Yellow
15,2,27,0.0,86,2,72,0,Green
12,6,16,0.0,89,8,74,0,Green
13,9,8,0.0,114,4,88,3,Red
18,63,70,0.07,89,5,84,2,Orange
14,24,62,0.0,91,4,87,3,Red
13,8,9,0.0,113,5,87,3,Red
11,3,18,0.0,98,5,83,1,Yellow
17,83,78,0.0,66,5,64,0,Green
12,62,77,0.17,86,5,84,2,Orange
17,4,61,0.0,86,12,80,0,Green
13,39,68,0.04,91,7,88,3,Red
12,7,11,0.0,109,6,86,3,Red
18,46,70,0.32,86,5,81,1,Yellow
12,8,9,0.0,111,7,86,3,Red
12,4,28,0.0,53,17,46,0,Green
17,7,11,0.0,80,10,61,0,Green
13,9,7,0.0,111,5,85,2,Orange
8,2,27,0.0,100,5,86,3,Red
15,41,70,0.04,89,5,87,3,Red
11,1,10,0.0,100,2,81,1,Yellow
12,2,16,0.0,98,3,81,1,Yellow
15,49,59,0.0,86,9,82,1,Yellow
17,37,63,0.05,91,8,85,2,Orange
10,1,12,0.0,100,6,81,1,Yellow
12,15,70,0.0,89,5,87,3,Red
15,14,26,0.0,98,5,81,1,Yellow
14,40,68,0.04,91,4,88,3,Red
16,5,53,0.0,86,7,78,0,Green
15,25,65,0.0,84,4,81,1,Yellow
9,1,8,0.0,104,4,83,1,Yellow
13,40,70,0.32,84,13,81,1,Yellow
13,45,66,0.0,89,9,86,3,Red
12,8,11,0.0,107,8,84,2,Orange
11,14,65,0.0,86,4,84,2,Orange
11,6,8,0.0,113,7,89,3,Red
11,2,8,0.0,107,2,84,2,Orange
13,28,72,0.03,86,8,86,3,Red
14,32,70,0.18,89,6,88,3,Red
13,7,8,0.0,107,4,82,1,Yellow
10,5,11,0.0,104,5,84,2,Orange
15,45,64,0.0,91,14,86,3,Red
13,57,61,0.0,71,4,68,0,Green
12,0,19,0.0,104,2,85,2,Orange
13,21,68,0.0,89,8,87,3,Red
17,100,93,0.19,71,10,69,0,Green
13,6,10,0.0,111,7,85,2,Orange
17,22,16,0.0,84,6,66,0,Green
11,3,19,0.0,100,6,84,2,Orange
15,9,16,0.0,100,6,77,0,Green
15,64,70,0.0,71,7,68,0,Green
14,18,60,0.0,93,6,90,3,Red
12,20,68,0.0,91,6,88,3,Red
14,7,12,0.0,100,5,78,0,Green
15,43,64,0.02,89,8,84,2,Orange
18,51,74,0.0,82,9,77,0,Green
13,42,68,0.63,89,8,86,3,Red
11,4,9,0.0,105,3,84,2,Orange
16,66,65,0.35,91,9,85,2,Orange
12,63,77,0.0,86,5,84,2,Orange
8,4,13,0.0,100,9,81,1,Yellow
12,5,11,0.0,105,8,83,1,Yellow
16,72,78,0.29,89,13,85,2,Orange
16,20,18,0.0,64,4,53,0,Green
18,43,75,0.06,87,5,83,1,Yellow
14,42,63,0.0,89,8,85,2,Orange
11,22,75,0.0,87,5,85,2,Orange
11,9,12,0.0,107,5,87,3,Red
14,17,64,0.0,87,12,83,1,Yellow
14,63,70,0.01,87,5,85,2,Orange
9,3,30,0.0,96,2,84,2,Orange
10,26,9,0.0,105,9,84,2,Orange
14,64,52,0.01,93,13,85,2,Orange
12,30,70,0.01,89,3,87,3,Red
12,35,49,0.0,91,6,84,2,Orange
12,4,13,0.0,86,7,70,0,Green
14,40,67,0.02,89,7,87,3,Red
18,27,68,0.02,86,4,81,1,Yellow
10,4,10,0.0,104,9,84,2,Orange
14,38,73,0.02,89,5,87,3,Red
13,35,63,0.03,89,12,86,3,Red
11,2,8,0.0,111,6,87,3,Red
13,15,68,0.0,91,5,89,3,Red
14,46,63,0.0,87,10,84,2,Orange
15,5,20,0.0,104,2,84,2,Orange
18,55,72,0.1,86,9,81,1,Yellow
11,6,11,0.0,109,6,87,3,Red
16,59,73,0.46,87,6,84,2,Orange
17,56,70,0.08,89,8,85,2,Orange
11,5,9,0.0,111,7,88,3,Red
18,50,80,0.02,86,9,83,1,Yellow
11,39,80,0.01,87,5,86,3,Red
13,6,9,0.0,113,6,86,3,Red
9,3,23,0.0,102,4,88,3,Red
12,5,15,0.0,104,5,83,1,Yellow
17,25,80,0.01,87,11,84,2,Orange
22,54,93,0.13,78,2,77,0,Green
10,90,97,0.06,71,6,70,0,Green
11,4,7,0.0,111,14,85,2,Orange
13,3,8,0.0,113,5,86,3,Red
16,30,68,0.02,89,5,84,2,Orange
14,54,64,0.01,89,5,86,3,Red
13,14,70,0.0,91,6,89,3,Red
16,18,13,0.0,86,6,67,0,Green
11,4,9,0.0,111,7,87,3,Red
13,2,50,0.0,89,5,84,2,Orange
13,100,90,0.02,64,4,64,0,Green
11,36,82,0.01,86,3,85,2,Orange
9,7,16,0.0,98,7,81,1,Yellow
10,42,80,0.04,86,6,84,2,Orange
17,59,66,0.34,89,4,84,2,Orange
19,3,14,0.0,84,7,65,0,Green
14,81,72,0.07,91,12,87,3,Red
15,56,71,0.21,89,3,85,2,Orange
12,70,74,0.13,86,13,84,2,Orange
12,28,80,0.01,87,7,87,3,Red
13,27,11,0.0,93,7,73,0,Green
10,3,77,0.0,87,4,85,2,Orange
15,29,43,0.0,91,8,81,1,Yellow
18,96,97,0.02,75,7,74,0,Green
12,10,67,0.0,84,5,82,1,Yellow
15,4,21,0.0,82,7,67,0,Green
13,33,68,0.0,86,8,84,2,Orange
11,55,74,0.0,82,3,79,0,Green
11,3,7,0.0,111,3,87,3,Red
11,6,80,0.01,87,5,86,3,Red
14,24,63,0.0,91,7,87,3,Red
17,47,72,0.11,89,8,84,2,Orange
22,36,85,0.04,84,6,82,1,Yellow
12,0,15,0.0,107,3,86,3,Red
14,18,34,0.0,95,7,83,1,Yellow
13,48,68,0.39,89,8,85,2,Orange
10,9,85,0.04,86,5,84,2,Orange
14,48,63,0.02,91,6,87,3,Red
17,98,94,0.02,73,7,72,0,Green
12,4,8,0.0,105,4,82,1,Yellow
14,31,50,0.0,89,7,82,1,Yellow
10,54,21,0.0,91,11,77,0,Green
12,4,8,0.0,107,9,83,1,Yellow
14,48,72,0.39,87,8,85,2,Orange
18,64,80,0.03,86,9,83,1,Yellow
12,34,68,0.0,91,6,89,3,Red
18,82,88,0.04,75,9,72,0,Green
13,8,8,0.0,107,5,82,1,Yellow
7,25,83,0.0,50,4,49,0,Green
18,16,33,0.0,75,18,63,0,Green
12,1,8,0.0,109,6,84,2,Orange
13,9,10,0.0,109,4,84,2,Orange
14,36,77,0.34,86,12,83,1,Yellow
13,0,39,0.0,93,2,84,2,Orange
17,51,70,0.06,89,7,85,2,Orange
16,6,38,0.0,62,9,53,0,Green
14,4,9,0.0,109,4,84,2,Orange
11,12,17,0.0,107,3,89,3,Red
14,49,67,0.76,89,8,86,3,Red
15,61,66,1.25,89,5,85,2,Orange
13,13,12,0.0,91,17,71,0,Green
14,0,52,0.0,78,5,71,0,Green
15,71,58,0.03,91,5,84,2,Orange
15,2,12,0.0,104,7,81,1,Yellow
12,26,43,0.0,93,7,85,2,Orange
12,15,57,0.0,86,5,83,1,Yellow
15,7,20,0.0,91,3,74,0,Green
13,44,70,0.01,86,8,84,2,Orange
16,52,59,0.0,91,9,83,1,Yellow
16,31,73,0.01,89,6,85,2,Orange
13,12,8,0.0,109,9,83,1,Yellow
11,22,72,0.01,86,4,84,2,Orange
19,8,15,0.0,87,13,68,0,Green
15,5,20,0.0,100,2,82,1,Yellow
15,47,75,0.12,87,9,85,2,Orange
13,5,9,0.0,104,5,81,1,Yellow
8,2,12,0.0,96,9,78,0,Green
15,57,75,0.17,87,3,85,2,Orange
15,24,64,0.0,89,4,86,3,Red
16,28,65,0.03,91,10,87,3,Red
10,2,10,0.0,104,3,84,2,Orange
15,74,83,0.36,84,18,83,1,Yellow
14,5,23,0.0,68,10,57,0,Green
10,5,10,0.0,109,6,87,3,Red
14,16,43,0.0,89,9,80,0,Green
21,75,84,0.01,66,4,64,0,Green
10,2,9,0.0,107,5,86,3,Red
12,2,40,0.0,91,3,82,1,Yellow
10,33,78,0.0,87,3,85,2,Orange
10,35,75,0.02,89,9,86,3,Red
11,2,17,0.0,107,5,89,3,Red
11,24,68,0.0,89,4,85,2,Orange
17,8,15,0.0,91,2,71,0,Green
13,23,80,0.01,87,8,87,3,Red
10,5,26,0.0,93,4,81,1,Yellow
16,42,65,0.0,86,10,82,1,Yellow
8,1,16,0.0,87,3,72,0,Green
11,8,10,0.0,111,4,88,3,Red
12,16,82,0.0,82,5,82,1,Yellow
17,62,66,0.07,91,6,86,3,Red
18,6,19,0.0,77,2,61,0,Green
16,15,75,0.0,91,6,88,3,Red
13,8,17,0.0,86,3,71,0,Green
16,36,64,0.21,91,6,85,2,Orange
11,18,74,0.0,89,2,86,3,Red
21,77,91,0.0,80,3,79,0,Green
21,47,88,0.0,84,9,81,1,Yellow
13,7,9,0.0,111,6,84,2,Orange
13,34,72,0.09,89,15,88,3,Red
8,20,75,0.0,55,7,54,0,Green
12,6,10,0.0,109,8,85,2,Orange
18,34,75,0.0,89,6,84,2,Orange
15,4,45,0.0,91,7,82,1,Yellow
12,2,30,0.0,95,8,82,1,Yellow
14,52,68,0.0,89,4,86,3,Red
14,44,65,0.02,89,15,86,3,Red
13,2,14,0.0,109,5,86,3,Red
18,30,83,0.01,86,5,83,1,Yellow
16,42,70,0.02,89,8,85,2,Orange
14,11,11,0.0,111,4,87,3,Red
15,54,64,0.01,89,7,84,2,Orange
11,43,70,0.02,89,5,86,3,Red
11,24,74,0.0,82,2,81,1,Yellow
13,9,11,0.0,107,7,83,1,Yellow
14,27,72,0.03,86,8,85,2,Orange
16,8,12,0.0,102,5,77,0,Green
13,5,34,0.0,91,7,82,1,Yellow
13,0,20,0.0,102,6,83,1,Yellow
14,19,73,0.01,89,8,88,3,Red
14,52,54,0.03,91,10,84,2,Orange
12,83,76,0.0,71,13,69,0,Green
11,6,10,0.0,109,5,86,3,Red
17,34,68,0.0,91,6,86,3,Red
19,27,80,0.01,86,6,82,1,Yellow
10,21,68,0.0,86,3,83,1,Yellow
18,0,22,0.0,77,15,63,0,Green
12,4,8,0.0,111,3,86,3,Red
11,4,9,0.0,100,8,78,0,Green
15,11,50,0.0,89,7,82,1,Yellow
8,18,11,0.0,95,8,76,0,Green
16,10,19,0.0,100,4,79,0,Green
10,70,88,0.0,75,3,74,0,Green
16,7,17,0.0,86,4,69,0,Green
15,58,66,0.75,89,5,85,2,Orange
19,83,97,0.05,69,4,69,0,Green
15,11,80,0.0,87,8,87,3,Red
12,6,8,0.0,104,2,81,1,Yellow
15,24,66,0.0,89,4,85,2,Orange
16,6,68,0.0,91,9,86,3,Red
14,8,9,0.0,105,5,81,1,Yellow
11,0,20,0.0,100,2,85,2,Orange
10,20,31,0.0,91,3,81,1,Yellow
11,4,10,0.0,107,3,84,2,Orange
18,36,72,0.02,86,5,82,1,Yellow
13,22,73,0.0,89,9,87,3,Red
13,49,68,0.01,89,3,86,3,Red
13,2,18,0.0,102,5,82,1,Yellow
13,28,70,0.07,89,7,87,3,Red
17,97,94,0.02,75,7,74,0,Green
14,2,9,0.0,107,3,82,1,Yellow
11,3,17,0.0,98,5,82,1,Yellow
10,1,72,0.0,84,4,82,1,Yellow
11,0,46,0.0,93,2,85,2,Orange
18,5,11,0.0,96,3,74,0,Green
14,11,11,0.0,109,7,84,2,Orange
17,17,66,0.0,87,4,82,1,Yellow
15,100,87,0.08,64,4,63,0,Green
9,6,11,0.0,107,7,87,3,Red
12,6,8,0.0,109,2,84,2,Orange
12,50,64,0.0,89,10,86,3,Red
12,29,35,0.0,75,5,67,0,Green
18,18,51,0.0,87,9,79,0,Green
19,97,97,0.02,71,7,70,0,Green
15,87,73,0.0,69,6,66,0,Green
19,3,9,0.0,82,2,62,0,Green
10,2,63,0.0,86,4,81,1,Yellow
12,2,9,0.0,111,4,86,3,Red
13,23,54,0.0,87,5,82,1,Yellow
13,5,63,0.0,84,7,82,1,Yellow
15,38,60,0.24,91,3,86,3,Red
19,77,82,0.05,84,4,81,1,Yellow
14,4,15,0.0,82,4,66,0,Green
11,19,9,0.0,104,5,82,1,Yellow
13,3,54,0.0,91,9,85,2,Orange
18,13,17,0.0,96,4,76,0,Green
15,100,96,0.09,66,6,65,0,Green
14,21,73,0.01,89,9,88,3,Red
10,1,27,0.0,96,6,84,2,Orange
14,9,47,0.0,89,6,81,1,Yellow
12,1,25,0.0,95,6,81,1,Yellow
13,8,9,0.0,107,3,82,1,Yellow
13,6,8,0.0,105,2,81,1,Yellow
17,63,75,0.05,86,6,82,1,Yellow
14,30,65,0.0,84,5,82,1,Yellow
13,5,7,0.0,111,5,84,2,Orange
11,26,72,0.01,87,2,85,2,Orange
11,34,74,0.03,89,9,85,2,Orange
15,22,64,0.06,89,3,86,3,Red
13,1,9,0.0,109,2,84,2,Orange
13,6,10,0.0,107,6,82,1,Yellow
10,8,14,0.0,87,11,72,0,Green
16,30,75,0.0,87,7,84,2,Orange
12,6,9,0.0,107,3,83,1,Yellow
18,90,85,0.13,80,5,77,0,Green
13,31,70,0.01,87,2,86,3,Red
12,5,16,0.0,89,5,75,0,Green
17,50,77,0.89,84,7,81,1,Yellow
10,0,24,0.0,98,4,84,2,Orange
14,69,74,0.06,84,13,82,1,Yellow
8,7,22,0.0,78,3,65,0,Green
13,34,72,0.04,89,9,88,3,Red
13,14,16,0.0,84,19,67,0,Green
11,5,8,0.0,114,6,89,3,Red
17,59,66,0.13,86,7,81,1,Yellow
18,70,78,0.53,87,11,84,2,Orange
11,31,77,0.05,86,7,84,2,Orange
5,51,54,0.02,80,7,76,0,Green
13,50,63,0.0,86,2,82,1,Yellow
10,2,13,0.0,104,2,86,3,Red
11,4,7,0.0,104,4,82,1,Yellow
16,51,68,0.04,91,7,86,3,Red
14,5,7,0.0,111,4,84,2,Orange
13,46,72,0.0,87,3,86,3,Red
16,100,88,1.38,73,25,71,0,Green
14,7,60,0.0,91,5,88,3,Red
16,28,72,0.01,89,7,85,2,Orange
15,36,73,0.03,89,8,86,3,Red
14,56,72,0.08,89,13,87,3,Red
12,35,72,0.0,86,5,84,2,Orange
12,77,79,0.0,82,8,81,1,Yellow
13,7,14,0.0,107,4,84,2,Orange
11,0,15,0.0,100,4,83,1,Yellow
14,2,10,0.0,93,3,72,0,Green
10,2,8,0.0,107,4,85,2,Orange
15,5,10,0.0,100,5,77,0,Green
18,32,72,0.0,89,6,85,2,Orange
13,5,9,0.0,109,3,84,2,Orange
15,45,77,0.34,86,12,82,1,Yellow
13,39,70,0.0,86,6,85,2,Orange
16,25,70,0.01,89,8,86,3,Red
16,60,80,0.33,86,9,83,1,Yellow
18,28,80,0.28,87,5,84,2,Orange
18,8,72,0.0,89,7,84,2,Orange
15,68,75,0.16,89,12,86,3,Red
14,25,72,0.0,89,9,87,3,Red
12,5,9,0.0,107,4,84,2,Orange
11,3,31,0.0,89,5,78,0,Green
12,1,14,0.0,100,3,81,1,Yellow
14,69,72,0.12,89,14,87,3,Red
13,65,90,0.06,57,11,57,0,Green
16,27,68,0.01,89,8,85,2,Orange
11,26,77,0.02,84,7,83,1,Yellow
11,5,11,0.0,107,8,85,2,Orange
15,6,26,0.0,91,7,76,0,Green
16,51,74,0.05,86,7,83,1,Yellow
11,40,79,0.03,87,8,86,3,Red
11,7,10,0.0,109,5,86,3,Red
19,90,93,0.02,69,8,68,0,Green
12,3,11,0.0,109,5,86,3,Red
18,33,77,0.0,87,5,84,2,Orange
19,58,24,0.0,77,8,62,0,Green
14,20,66,0.0,91,8,88,3,Red
16,67,66,0.27,89,5,84,2,Orange
14,4,11,0.0,100,13,77,0,Green
11,5,8,0.0,102,2,81,1,Yellow
18,5,8,0.0,86,3,64,0,Green
12,4,11,0.0,93,7,74,0,Green
13,5,8,0.0,102,2,78,0,Green
11,20,11,0.0,100,13,79,0,Green
12,37,70,0.04,89,6,88,3,Red
19,47,77,0.51,86,10,82,1,Yellow
20,69,97,0.15,77,10,75,0,Green
21,48,91,0.01,82,6,81,1,Yellow
16,25,75,0.01,87,9,84,2,Orange
13,9,15,0.0,102,6,81,1,Yellow
15,3,19,0.0,96,2,78,0,Green
15,51,70,0.01,89,8,85,2,Orange
16,29,68,0.01,89,7,85,2,Orange
14,4,8,0.0,89,4,70,0,Green
19,10,22,0.0,71,5,57,0,Green
17,32,68,0.03,89,6,84,2,Orange
14,7,9,0.0,95,12,73,0,Green
11,17,12,0.0,100,6,80,0,Green
17,16,67,0.0,62,4,57,0,Green
12,14,57,0.0,89,9,84,2,Orange
16,17,63,0.0,71,13,66,0,Green
13,7,11,0.0,107,7,82,1,Yellow
13,56,77,0.06,86,7,85,2,Orange
12,5,7,0.0,105,3,82,1,Yellow
12,35,70,0.01,89,2,87,3,Red
17,50,53,0.0,84,6,77,0,Green
14,43,66,0.02,91,4,89,3,Red
21,53,85,0.01,84,7,81,1,Yellow
18,36,68,0.02,87,6,82,1,Yellow
10,2,12,0.0,107,3,87,3,Red
13,2,27,0.0,69,10,59,0,Green
17,61,73,0.02,89,11,84,2,Orange
16,51,65,0.0,87,10,83,1,Yellow
12,28,70,0.06,87,3,86,3,Red
12,3,17,0.0,107,5,86,3,Red
12,6,23,0.0,77,8,65,0,Green
19,49,94,0.7,82,6,80,0,Green
15,38,77,0.02,87,7,86,3,Red
18,3,29,0.0,93,2,78,0,Green
19,13,77,0.0,87,5,84,2,Orange
17,1,56,0.0,89,8,81,1,Yellow
10,16,80,0.0,86,5,84,2,Orange
11,40,79,0.01,86,6,85,2,Orange
8,3,13,0.0,104,9,83,1,Yellow
16,12,66,0.0,91,8,86,3,Red
13,53,66,0.01,87,3,85,2,Orange
19,61,80,0.01,84,8,80,0,Green
16,20,58,0.01,93,4,86,3,Red
20,38,88,0.0,73,9,70,0,Green
13,21,64,0.0,80,8,79,0,Green
14,11,34,0.0,96,3,86,3,Red
13,28,66,0.0,89,5,87,3,Red
15,52,71,0.15,91,13,86,3,Red
14,23,15,0.0,86,10,69,0,Green
15,3,9,0.0,109,6,84,2,Orange
18,28,60,0.0,82,6,75,0,Green
12,1,10,0.0,86,3,70,0,Green
12,2,17,0.0,98,3,81,1,Yellow
13,10,10,0.0,109,8,84,2,Orange
10,5,16,0.0,84,9,69,0,Green
12,14,9,0.0,105,9,82,1,Yellow
14,3,17,0.0,86,2,69,0,Green
8,8,24,0.0,78,3,66,0,Green
16,23,56,0.0,91,12,84,2,Orange
12,4,9,0.0,107,5,83,1,Yellow
14,1,25,0.0,93,6,77,0,Green
9,2,26,0.0,98,2,86,3,Red
11,2,15,0.0,98,3,81,1,Yellow
9,6,12,0.0,104,9,84,2,Orange
12,18,77,0.36,86,12,84,2,Orange
10,8,13,0.0,91,4,75,0,Green
14,6,8,0.0,107,6,82,1,Yellow
15,49,64,0.14,91,3,86,3,Red
12,8,13,0.0,109,2,87,3,Red
13,1,43,0.0,89,8,81,1,Yellow
15,86,69,0.04,80,6,75,0,Green
9,5,71,0.0,80,2,77,0,Green
14,40,74,0.32,89,13,86,3,Red
11,12,80,0.02,86,7,85,2,Orange
17,24,59,0.0,91,5,85,2,Orange
17,42,59,0.0,87,6,80,0,Green
12,3,6,0.0,109,3,84,2,Orange
10,18,77,0.02,86,6,84,2,Orange
14,47,66,0.01,89,5,86,3,Red
18,38,70,0.0,87,11,82,1,Yellow
15,88,77,0.38,82,10,77,0,Green
17,23,77,0.0,86,7,83,1,Yellow
11,14,77,0.0,86,8,84,2,Orange
18,39,59,0.0,89,8,81,1,Yellow
13,36,50,0.0,89,8,82,1,Yellow
15,33,54,0.0,91,13,85,2,Orange
11,38,70,0.01,89,7,86,3,Red
11,5,10,0.0,109,5,86,3,Red
16,24,56,0.03,93,5,87,3,Red
10,3,12,0.0,104,2,85,2,Orange
15,87,66,0.13,86,7,82,1,Yellow
16,20,65,0.0,91,9,87,3,Red
17,6,70,0.0,89,8,85,2,Orange
15,51,78,0.09,86,7,84,2,Orange
8,2,19,0.0,98,3,83,1,Yellow
17,11,70,0.0,91,5,86,3,Red
13,8,9,0.0,113,3,87,3,Red
13,50,63,0.0,87,6,84,2,Orange
12,6,10,0.0,111,4,87,3,Red
17,75,78,0.32,87,12,84,2,Orange
17,74,74,0.01,75,4,70,0,Green
14,6,15,0.0,91,11,73,0,Green
17,39,70,0.01,84,5,79,0,Green
13,3,46,0.0,91,4,84,2,Orange
13,64,75,0.26,87,7,86,3,Red
12,17,66,0.0,86,6,84,2,Orange
17,83,88,0.03,69,3,67,0,Green
13,3,16,0.0,102,6,82,1,Yellow
18,30,70,0.0,87,6,82,1,Yellow
16,92,76,0.04,75,12,71,0,Green
17,78,82,0.2,82,7,80,0,Green
14,16,31,0.0,95,6,83,1,Yellow
11,5,10,0.0,104,5,82,1,Yellow
10,2,20,0.0,104,3,88,3,Red
13,3,7,0.0,93,6,72,0,Green
16,0,20,0.0,91,4,73,0,Green
13,5,9,0.0,114,5,87,3,Red
10,76,77,0.5,82,12,79,0,Green
16,66,68,0.49,89,3,85,2,Orange
14,62,69,0.0,75,7,71,0,Green
14,6,18,0.0,107,4,85,2,Orange
13,55,68,0.01,87,14,84,2,Orange
20,61,75,0.0,64,3,61,0,Green
15,23,73,0.02,89,6,86,3,Red
12,23,49,0.0,91,9,84,2,Orange
14,29,75,0.0,86,5,86,3,Red
16,50,66,0.0,91,5,87,3,Red
20,100,97,0.02,69,9,68,0,Green
18,69,77,0.01,84,9,81,1,Yellow
21,74,73,0.0,73,2,68,0,Green
15,3,44,0.0,89,5,80,0,Green
14,17,73,0.0,91,7,89,3,Red
14,45,65,0.0,89,8,86,3,Red
11,2,25,0.0,93,5,81,1,Yellow
17,68,72,0.46,87,6,83,1,Yellow
13,5,16,0.0,102,5,82,1,Yellow
11,16,77,0.03,86,6,84,2,Orange
11,8,16,0.0,104,4,85,2,Orange
9,1,30,0.0,95,2,84,2,Orange
14,4,8,0.0,109,6,83,1,Yellow
10,3,77,0.0,87,3,85,2,Orange
10,20,73,0.0,89,6,86,3,Red
11,1,12,0.0,100,5,81,1,Yellow
17,4,26,0.0,75,5,61,0,Green
15,2,10,0.0,104,2,81,1,Yellow
15,17,15,0.0,102,4,80,0,Green
13,7,12,0.0,109,5,85,2,Orange
19,70,81,0.0,62,4,60,0,Green
17,29,68,0.0,91,5,85,2,Orange
13,53,77,0.39,87,9,87,3,Red
12,0,15,0.0,100,4,81,1,Yellow
14,5,8,0.0,107,3,82,1,Yellow
11,55,80,0.0,84,4,83,1,Yellow
19,31,78,0.01,86,4,81,1,Yellow
16,57,68,0.06,89,6,85,2,Orange
13,17,63,0.0,84,6,81,1,Yellow
11,37,72,0.0,89,6,86,3,Red
11,2,16,0.0,100,5,82,1,Yellow
8,1,29,0.0,98,2,85,2,Orange
16,24,61,0.0,68,9,63,0,Green
15,85,84,0.01,71,8,69,0,Green
11,34,72,0.01,86,8,84,2,Orange
15,37,64,0.15,93,6,88,3,Red
14,41,70,0.0,89,7,87,3,Red
11,19,67,0.0,84,5,82,1,Yellow
13,9,60,0.0,89,10,85,2,Orange
12,37,73,0.0,89,6,87,3,Red
15,35,70,2.06,87,7,84,2,Orange
11,3,11,0.0,107,9,85,2,Orange
8,21,20,0.0,98,2,82,1,Yellow
18,21,68,0.0,75,2,70,0,Green
13,36,63,0.0,87,8,85,2,Orange
13,8,15,0.0,107,4,85,2,Orange
8,59,50,0.01,87,11,80,0,Green
19,43,90,0.0,64,5,63,0,Green
17,7,16,0.0,86,5,67,0,Green
15,43,60,0.05,89,6,85,2,Orange
9,2,14,0.0,102,2,85,2,Orange
14,30,64,0.0,87,5,82,1,Yellow
15,45,61,0.02,86,4,82,1,Yellow
10,3,11,0.0,105,3,85,2,Orange
9,31,10,0.0,102,7,82,1,Yellow
13,61,68,0.11,89,12,86,3,Red
14,6,9,0.0,105,10,81,1,Yellow
14,87,85,0.56,84,18,82,1,Yellow
15,16,66,0.0,91,8,87,3,Red
12,90,75,0.0,62,3,60,0,Green
13,8,8,0.0,107,3,82,1,Yellow
8,3,34,0.0,62,10,56,0,Green
12,5,12,0.0,109,5,86,3,Red
12,9,15,0.0,102,3,83,1,Yellow
16,6,72,0.0,64,3,60,0,Green
15,18,56,0.0,82,6,77,0,Green
12,5,8,0.0,109,5,85,2,Orange
14,14,9,0.0,111,4,84,2,Orange
17,41,20,0.0,78,6,62,0,Green
13,54,54,0.03,91,10,85,2,Orange
12,2,7,0.0,98,5,76,0,Green
17,70,70,0.27,87,5,82,1,Yellow
18,23,77,0.0,86,6,83,1,Yellow
9,2,24,0.0,95,3,81,1,Yellow
13,8,50,0.0,89,7,84,2,Orange
14,36,70,0.0,86,12,81,1,Yellow
16,1,40,0.0,84,9,74,0,Green
13,24,64,0.0,91,4,88,3,Red
15,5,12,0.0,107,2,83,1,Yellow
18,4,26,0.0,71,6,58,0,Green
8,2,24,0.0,71,3,59,0,Green
13,63,75,0.22,87,7,86,3,Red
19,14,59,0.0,84,2,76,0,Green
13,33,44,0.0,91,7,83,1,Yellow
16,62,61,0.0,87,7,81,1,Yellow
14,2,22,0.0,95,2,78,0,Green
11,46,77,0.19,86,4,84,2,Orange
19,25,75,0.0,86,5,82,1,Yellow
14,42,72,0.05,89,14,87,3,Red
12,8,8,0.0,113,3,88,3,Red
15,6,14,0.0,104,4,81,1,Yellow
15,64,68,0.06,89,12,86,3,Red
13,0,10,0.0,107,3,83,1,Yellow
11,7,13,0.0,109,5,88,3,Red
17,23,70,0.03,89,8,85,2,Orange
12,5,7,0.0,105,2,82,1,Yellow
13,33,82,0.01,86,9,87,3,Red
12,23,68,0.0,89,4,86,3,Red
15,2,54,0.0,77,4,69,0,Green
17,70,70,0.2,89,8,84,2,Orange
11,1,8,0.0,105,5,84,2,Orange
13,15,9,0.0,107,9,81,1,Yellow
16,35,68,0.0,91,5,86,3,Red
11,41,77,0.01,84,3,83,1,Yellow
12,25,48,0.0,89,7,83,1,Yellow
14,68,90,0.03,71,5,70,0,Green
15,26,59,0.02,86,2,82,1,Yellow
12,2,13,0.0,100,3,81,1,Yellow
11,13,44,0.0,91,2,84,2,Orange
12,4,38,0.0,91,6,82,1,Yellow
21,18,79,0.0,80,4,77,0,Green
13,4,39,0.0,89,2,81,1,Yellow
15,8,12,0.0,95,4,73,0,Green
14,10,13,0.0,95,4,75,0,Green
11,3,67,0.0,86,5,83,1,Yellow
11,6,9,0.0,107,9,84,2,Orange
16,40,68,0.32,89,7,84,2,Orange
16,40,79,0.05,89,11,86,3,Red
15,3,27,0.0,89,4,75,0,Green
14,26,52,0.0,87,9,82,1,Yellow
9,1,29,0.0,95,3,83,1,Yellow
17,75,77,0.22,86,5,82,1,Yellow
16,12,19,0.0,100,3,80,0,Green
14,22,60,0.0,93,4,89,3,Red
10,5,8,0.0,107,8,84,2,Orange
11,22,74,0.01,82,3,81,1,Yellow
11,5,9,0.0,109,6,86,3,Red
10,2,12,0.0,107,4,87,3,Red
19,42,80,0.0,86,4,83,1,Yellow
17,59,75,0.01,86,7,82,1,Yellow
15,5,8,0.0,107,3,82,1,Yellow
10,43,75,0.01,89,9,84,2,Orange
16,49,72,0.01,87,7,84,2,Orange
9,7,26,0.0,100,4,87,3,Red
13,52,67,0.02,89,15,86,3,Red
16,62,70,0.06,89,7,84,2,Orange
16,3,19,0.0,89,11,73,0,Green
15,51,62,0.05,91,3,86,3,Red
14,83,74,0.17,89,15,87,3,Red
11,4,9,0.0,109,10,85,2,Orange
10,42,63,0.07,87,8,84,2,Orange
16,35,77,0.25,87,10,85,2,Orange
17,46,70,0.32,87,5,83,1,Yellow
15,42,72,0.09,86,9,84,2,Orange
14,0,17,0.0,102,7,82,1,Yellow
14,4,17,0.0,102,6,82,1,Yellow
12,36,77,0.03,89,9,87,3,Red
13,99,93,0.01,66,7,65,0,Green
12,19,63,0.0,84,6,82,1,Yellow
16,9,8,0.0,98,2,73,0,Green
21,16,79,0.0,82,5,78,0,Green
13,37,72,0.02,89,6,88,3,Red
10,1,29,0.0,96,4,84,2,Orange
15,40,78,0.07,89,12,87,3,Red
10,3,10,0.0,104,2,84,2,Orange
14,7,7,0.0,91,5,69,0,Green
16,51,65,0.05,89,3,84,2,Orange
10,2,11,0.0,107,4,86,3,Red
10,7,12,0.0,104,9,84,2,Orange
15,2,20,0.0,93,3,75,0,Green
12,5,15,0.0,109,3,88,3,Red
13,7,8,0.0,114,6,87,3,Red
17,23,72,0.01,89,6,84,2,Orange
12,6,12,0.0,111,4,87,3,Red
15,13,17,0.0,104,3,83,1,Yellow
15,47,68,0.06,91,7,87,3,Red
15,17,75,0.13,89,7,88,3,Red
10,6,10,0.0,104,3,83,1,Yellow
13,36,72,0.1,91,9,88,3,Red
13,27,70,0.0,89,5,87,3,Red
11,36,64,0.01,75,2,70,0,Green
12,4,9,0.0,95,10,74,0,Green
10,3,12,0.0,104,9,84,2,Orange
13,50,68,0.0,68,8,66,0,Green
14,45,39,0.01,95,8,85,2,Orange
9,4,21,0.0,82,3,68,0,Green
11,4,11,0.0,109,4,86,3,Red
13,2,55,0.0,89,5,84,2,Orange
14,46,60,0.0,91,8,87,3,Red
21,8,19,0.0,84,8,67,0,Green
11,100,100,0.15,59,6,59,0,Green
18,0,24,0.0,75,2,61,0,Green
10,3,65,0.0,84,5,80,0,Green
18,64,74,0.03,86,8,81,1,Yellow
8,6,25,0.0,100,5,85,2,Orange
21,39,88,0.04,82,4,80,0,Green
11,4,8,0.0,102,3,81,1,Yellow
16,0,30,0.0,91,6,77,0,Green
11,16,77,0.0,86,8,84,2,Orange
14,4,10,0.0,100,6,78,0,Green
12,2,15,0.0,93,1,75,0,Green
13,36,75,0.08,89,15,88,3,Red
14,50,70,0.0,89,3,86,3,Red
13,3,53,0.0,89,5,84,2,Orange
14,7,8,0.0,113,11,85,2,Orange
18,14,66,0.06,89,7,84,2,Orange
13,8,77,0.01,89,7,88,3,Red
15,41,64,0.0,91,13,86,3,Red
12,7,7,0.0,111,4,86,3,Red
13,6,60,0.0,93,5,89,3,Red
13,37,70,0.11,89,7,88,3,Red
8,2,13,0.0,100,4,81,1,Yellow
11,56,90,0.1,73,3,73,0,Green
12,6,9,0.0,111,5,86,3,Red
15,62,69,0.1,91,12,86,3,Red
18,17,69,0.0,55,6,52,0,Green
11,25,65,0.0,84,8,79,0,Green
11,4,9,0.0,107,4,84,2,Orange
14,4,7,0.0,113,7,86,3,Red
18,34,74,0.11,87,7,83,1,Yellow
12,3,9,0.0,113,6,88,3,Red
15,48,31,0.0,77,7,65,0,Green
15,26,68,0.02,84,3,81,1,Yellow
18,34,75,0.03,89,9,84,2,Orange
18,15,82,0.19,86,8,84,2,Orange
11,1,18,0.0,98,3,83,1,Yellow
11,8,19,0.0,102,4,85,2,Orange
14,5,38,0.0,95,9,86,3,Red
13,1,37,0.0,84,4,73,0,Green
15,5,37,0.0,93,8,82,1,Yellow
12,4,9,0.0,107,3,83,1,Yellow
13,8,9,0.0,111,4,85,2,Orange
13,33,42,0.01,93,7,86,3,Red
17,23,62,0.02,89,5,83,1,Yellow
10,2,18,0.0,96,6,81,1,Yellow
11,4,10,0.0,111,4,88,3,Red
17,97,100,0.03,75,10,74,0,Green
14,42,62,0.01,91,6,88,3,Red
10,3,9,0.0,107,4,86,3,Red
16,47,74,0.07,86,9,82,1,Yellow
14,54,54,0.0,91,7,85,2,Orange
11,2,15,0.0,104,6,84,2,Orange
18,31,62,0.0,91,4,84,2,Orange
14,43,66,0.01,89,4,86,3,Red
17,8,25,0.0,93,3,76,0,Green
15,30,68,0.0,89,5,86,3,Red
16,45,61,0.05,89,6,83,1,Yellow
17,45,73,0.04,89,12,84,2,Orange
16,6,24,0.0,100,2,81,1,Yellow
10,3,11,0.0,102,3,82,1,Yellow
15,41,73,0.0,89,6,86,3,Red
8,5,15,0.0,93,12,75,0,Green
17,38,68,0.0,89,12,84,2,Orange
13,5,10,0.0,98,7,76,0,Green
15,53,68,0.56,89,4,86,3,Red
11,0,20,0.0,95,3,79,0,Green
11,3,12,0.0,100,2,81,1,Yellow
15,86,82,0.0,73,10,70,0,Green
20,19,82,0.0,71,2,67,0,Green
11,36,82,0.01,86,3,84,2,Orange
11,5,9,0.0,104,2,82,1,Yellow
12,47,57,0.01,89,10,85,2,Orange
11,1,8,0.0,107,4,85,2,Orange
14,4,12,0.0,104,14,81,1,Yellow
16,87,79,0.13,82,6,78,0,Green
19,19,76,0.0,77,7,72,0,Green
15,30,75,0.01,89,9,86,3,Red
11,21,72,0.02,89,5,86,3,Red
14,3,6,0.0,105,4,79,0,Green
8,1,15,0.0,100,4,83,1,Yellow
14,3,77,0.01,89,8,88,3,Red
16,3,18,0.0,89,8,71,0,Green
8,3,14,0.0,104,3,84,2,Orange
11,0,22,0.0,96,5,82,1,Yellow
8,1,39,0.0,93,5,84,2,Orange
11,91,100,0.05,66,7,67,0,Green
15,56,68,0.37,87,8,84,2,Orange
21,22,87,0.0,73,2,70,0,Green
13,58,80,0.06,86,10,84,2,Orange
13,58,72,0.06,87,7,86,3,Red
11,67,75,0.0,64,4,63,0,Green
12,6,66,0.0,86,8,83,1,Yellow
13,79,77,0.08,89,12,87,3,Red
12,1,9,0.0,98,5,78,0,Green
10,1,8,0.0,107,3,85,2,Orange
13,5,8,0.0,109,5,84,2,Orange
15,2,50,0.0,89,6,82,1,Yellow
13,3,12,0.0,107,10,83,1,Yellow
11,1,13,0.0,109,5,87,3,Red
11,21,56,0.0,62,9,59,0,Green
16,46,72,0.08,87,10,84,2,Orange
13,40,68,0.0,91,5,88,3,Red
20,90,64,0.0,68,14,63,0,Green
12,0,65,0.0,68,5,65,0,Green
15,5,8,0.0,111,5,84,2,Orange
10,2,34,0.0,91,3,81,1,Yellow
17,46,68,0.29,89,5,84,2,Orange
20,9,43,0.0,59,4,52,0,Green
17,50,80,0.25,87,12,84,2,Orange
11,8,19,0.0,98,2,83,1,Yellow
18,53,22,0.0,59,2,47,0,Green
18,32,66,0.01,91,3,84,2,Orange
17,4,19,0.0,77,6,61,0,Green
11,5,14,0.0,109,2,87,3,Red
16,1,34,0.0,87,8,75,0,Green
14,3,21,0.0,77,11,64,0,Green
15,50,72,0.05,87,7,85,2,Orange
9,13,18,0.0,100,4,84,2,Orange
16,7,9,0.0,107,6,81,1,Yellow
13,5,10,0.0,107,5,82,1,Yellow
17,43,65,0.05,86,6,81,1,Yellow
13,3,7,0.0,113,5,86,3,Red
12,42,61,0.0,87,6,84,2,Orange
14,35,66,0.01,91,6,89,3,Red
7,1,11,0.0,95,5,76,0,Green
19,11,45,0.0,89,2,78,0,Green
14,52,64,0.01,89,3,86,3,Red
13,99,87,0.06,75,7,73,0,Green
10,1,21,0.0,100,5,84,2,Orange
19,62,77,0.03,86,8,82,1,Yellow
15,28,68,0.09,89,8,85,2,Orange
15,24,66,0.01,89,7,86,3,Red
9,5,11,0.0,107,7,87,3,Red
12,3,8,0.0,107,5,83,1,Yellow
13,6,10,0.0,109,9,84,2,Orange
11,17,77,0.01,86,6,84,2,Orange
13,36,66,0.0,87,7,85,2,Orange
17,53,75,0.17,86,9,82,1,Yellow
12,4,7,0.0,109,3,84,2,Orange
16,56,66,0.21,89,3,84,2,Orange
11,2,12,0.0,109,5,87,3,Red
11,3,18,0.0,105,2,88,3,Red
17,9,72,0.0,91,5,86,3,Red
21,12,84,0.0,73,2,71,0,Green
12,9,15,0.0,89,7,73,0,Green
13,30,65,0.01,86,5,83,1,Yellow
15,35,64,0.23,91,5,86,3,Red
17,93,84,0.01,69,6,67,0,Green
10,15,77,0.0,86,5,84,2,Orange
17,0,28,0.0,80,3,67,0,Green
17,48,56,0.0,91,9,82,1,Yellow
14,67,72,0.0,86,6,84,2,Orange
12,2,20,0.0,100,5,83,1,Yellow
15,32,73,0.04,89,6,86,3,Red
16,60,68,0.01,89,12,85,2,Orange
15,74,70,0.0,82,5,78,0,Green
8,2,26,0.0,80,11,67,0,Green
19,13,21,0.0,64,3,52,0,Green
10,21,82,0.0,75,3,74,0,Green
11,28,80,0.0,86,5,85,2,Orange
18,30,65,0.0,82,5,77,0,Green
18,100,97,0.06,71,9,70,0,Green
15,6,30,0.0,71,9,61,0,Green
12,9,11,0.0,107,7,84,2,Orange
15,8,16,0.0,89,8,69,0,Green
17,17,65,0.0,84,12,77,0,Green
13,36,61,0.0,87,14,84,2,Orange
14,4,37,0.0,93,9,83,1,Yellow
19,88,88,0.04,73,7,71,0,Green
15,5,21,0.0,104,3,85,2,Orange
10,3,13,0.0,107,3,88,3,Red
13,54,68,0.02,86,3,84,2,Orange
17,34,70,0.0,86,11,82,1,Yellow
19,65,77,0.06,87,12,83,1,Yellow
14,5,9,0.0,109,3,83,1,Yellow
11,5,9,0.0,113,6,88,3,Red
18,52,73,0.0,68,6,64,0,Green
14,36,70,0.0,91,6,88,3,Red
12,45,74,0.01,82,3,80,0,Green
18,6,27,0.0,66,5,53,0,Green
15,4,12,0.0,107,3,83,1,Yellow
15,35,68,0.0,91,5,88,3,Red
12,1,15,0.0,102,5,83,1,Yellow
12,3,26,0.0,91,4,78,0,Green
12,5,11,0.0,104,3,82,1,Yellow
8,1,11,0.0,102,8,81,1,Yellow
13,21,63,0.0,86,6,84,2,Orange
14,5,16,0.0,86,12,68,0,Green
12,7,9,0.0,105,3,82,1,Yellow
10,1,25,0.0,100,3,86,3,Red
14,80,88,0.4,73,11,73,0,Green
11,5,11,0.0,105,9,84,2,Orange
13,27,66,0.0,91,9,89,3,Red
18,32,68,0.21,87,5,82,1,Yellow
16,40,68,0.04,87,5,83,1,Yellow
17,3,23,0.0,82,6,66,0,Green
12,1,22,0.0,96,6,81,1,Yellow
10,10,9,0.0,104,2,83,1,Yellow
16,0,50,0.0,91,7,82,1,Yellow
10,98,97,0.0,60,2,60,0,Green
12,5,13,0.0,111,2,88,3,Red
16,46,66,0.0,89,13,84,2,Orange
18,88,78,0.0,62,7,59,0,Green
13,8,18,0.0,98,4,80,0,Green
14,28,70,0.04,89,7,88,3,Red
9,2,25,0.0,84,4,71,0,Green
7,3,13,0.0,102,6,81,1,Yellow
15,5,11,0.0,107,2,84,2,Orange
21,4,71,0.0,82,9,77,0,Green
13,5,15,0.0,109,5,86,3,Red
10,85,97,0.0,66,8,66,0,Green
16,43,55,0.0,89,8,82,1,Yellow
10,9,9,0.0,100,6,80,0,Green
16,69,75,0.16,89,11,85,2,Orange
12,76,75,0.05,86,8,84,2,Orange
13,19,61,0.0,86,6,84,2,Orange
13,30,70,0.0,91,6,88,3,Red
15,42,64,0.11,91,6,87,3,Red
11,3,12,0.0,109,3,88,3,Red
16,39,70,0.06,86,11,82,1,Yellow
17,0,53,0.0,86,4,77,0,Green
15,41,66,0.32,89,5,86,3,Red
13,40,75,0.32,89,14,86,3,Red
10,2,24,0.0,55,5,49,0,Green
14,82,77,0.08,89,11,87,3,Red
11,1,27,0.0,96,8,83,1,Yellow
16,9,17,0.0,80,2,63,0,Green
12,5,42,0.0,82,9,75,0,Green
13,11,58,0.0,86,6,82,1,Yellow
14,35,80,0.0,84,10,84,2,Orange
18,6,18,0.0,87,5,69,0,Green
13,47,57,0.0,89,5,84,2,Orange
12,25,11,0.0,107,10,84,2,Orange
11,16,74,0.0,87,5,85,2,Orange
11,4,13,0.0,109,4,87,3,Red
15,59,90,0.03,71,5,70,0,Green
9,0,29,0.0,95,2,82,1,Yellow
9,6,13,0.0,104,11,83,1,Yellow
14,100,87,0.02,75,7,74,0,Green
11,2,18,0.0,96,5,81,1,Yellow
16,29,62,0.17,91,3,85,2,Orange
13,42,68,0.01,89,3,87,3,Red
10,0,14,0.0,98,1,81,1,Yellow
12,5,16,0.0,100,5,81,1,Yellow
18,48,74,0.23,86,6,82,1,Yellow
10,100,100,0.03,64,8,64,0,Green
17,78,70,0.39,89,7,83,1,Yellow
8,1,12,0.0,93,1,76,0,Green
15,2,22,0.0,93,3,77,0,Green
11,22,75,0.0,89,6,86,3,Red
8,29,50,0.0,87,6,81,1,Yellow
10,2,10,0.0,105,4,85,2,Orange
15,46,66,0.22,91,6,88,3,Red
14,72,79,0.0,84,13,83,1,Yellow
14,5,9,0.0,107,3,81,1,Yellow
13,14,58,0.0,93,5,89,3,Red
14,19,80,0.01,87,9,87,3,Red
13,7,10,0.0,109,8,84,2,Orange
9,2,21,0.0,98,2,84,2,Orange
15,63,71,0.12,89,12,86,3,Red
11,43,80,0.03,86,9,84,2,Orange
11,5,8,0.0,107,6,84,2,Orange
15,14,70,0.0,89,9,87,3,Red
13,16,11,0.0,104,5,81,1,Yellow
13,32,72,0.02,87,7,86,3,Red
13,4,9,0.0,113,6,87,3,Red
11,43,77,0.07,87,5,85,2,Orange
11,3,15,0.0,100,16,81,1,Yellow
13,62,75,0.38,87,9,86,3,Red
12,0,11,0.0,107,4,85,2,Orange
15,52,66,0.44,89,5,85,2,Orange
16,40,71,0.0,89,13,85,2,Orange
19,44,82,0.15,86,9,82,1,Yellow
17,32,70,0.0,91,6,86,3,Red
9,4,40,0.0,95,5,87,3,Red
17,3,20,0.0,71,2,56,0,Green
18,61,77,0.29,86,4,82,1,Yellow
12,25,36,0.0,77,2,69,0,Green
11,12,75,0.0,87,5,85,2,Orange
15,15,38,0.0,93,5,82,1,Yellow
12,18,66,0.01,91,5,89,3,Red
18,68,77,0.09,84,8,81,1,Yellow
11,45,75,0.38,86,8,84,2,Orange
8,45,15,0.0,86,6,70,0,Green
19,44,75,0.19,86,4,82,1,Yellow
14,0,17,0.0,104,6,84,2,Orange
22,51,85,0.0,82,2,79,0,Green
14,6,12,0.0,111,3,86,3,Red
17,47,72,0.01,86,7,82,1,Yellow
13,5,12,0.0,111,3,87,3,Red
20,2,70,0.0,80,5,74,0,Green
14,62,72,0.17,89,6,87,3,Red
16,79,80,0.02,87,11,85,2,Orange
13,41,72,0.18,89,9,88,3,Red
17,12,38,0.0,93,6,80,0,Green
8,17,31,0.0,71,2,60,0,Green
19,31,77,0.11,86,5,81,1,Yellow
10,64,79,0.04,84,12,81,1,Yellow
13,33,75,0.01,86,7,86,3,Red
11,2,7,0.0,104,2,81,1,Yellow
22,98,93,0.01,68,5,67,0,Green
19,48,85,0.12,84,5,81,1,Yellow
19,98,100,0.02,69,8,69,0,Green
9,3,11,0.0,107,7,87,3,Red
11,2,7,0.0,113,5,88,3,Red
11,1,8,0.0,95,5,76,0,Green
13,34,70,0.0,91,5,89,3,Red
17,6,14,0.0,100,2,77,0,Green
13,29,77,0.01,87,5,88,3,Red
14,5,13,0.0,109,2,85,2,Orange
14,39,61,0.0,91,5,87,3,Red
16,49,78,0.02,87,14,84,2,Orange
12,5,16,0.0,100,5,82,1,Yellow
14,5,11,0.0,105,5,82,1,Yellow
15,62,54,0.01,93,13,84,2,Orange
12,20,16,0.0,84,11,67,0,Green
16,43,79,0.12,86,9,85,2,Orange
14,43,70,0.28,89,5,88,3,Red
18,63,72,0.16,89,7,85,2,Orange
16,47,74,0.06,86,9,82,1,Yellow
13,43,66,0.01,89,2,87,3,Red
15,3,8,0.0,102,2,77,0,Green
18,10,27,0.0,69,5,57,0,Green
11,26,75,0.06,86,3,83,1,Yellow
8,1,27,0.0,98,5,84,2,Orange
13,4,7,0.0,102,7,78,0,Green
10,3,11,0.0,100,7,81,1,Yellow
8,0,48,0.0,60,10,56,0,Green
11,26,72,0.0,89,6,86,3,Red
14,77,82,0.17,87,16,86,3,Red
12,1,10,0.0,107,4,85,2,Orange
11,2,9,0.0,107,5,85,2,Orange
13,41,75,0.0,86,9,85,2,Orange
20,28,85,0.01,84,4,81,1,Yellow
8,12,31,0.0,71,5,60,0,Green
16,72,68,0.22,89,5,85,2,Orange
13,55,70,0.03,89,8,87,3,Red
14,10,7,0.0,100,8,76,0,Green
15,4,20,0.0,86,5,70,0,Green
9,3,22,0.0,102,4,87,3,Red
14,42,68,0.0,91,7,88,3,Red
14,24,65,0.0,91,8,87,3,Red
13,39,70,0.03,89,8,87,3,Red
10,3,14,0.0,109,2,89,3,Red
15,28,75,0.0,89,6,86,3,Red
13,64,75,0.3,87,6,86,3,Red
7,4,13,0.0,102,7,81,1,Yellow
13,22,77,0.0,89,9,87,3,Red
15,19,80,0.0,87,9,86,3,Red
12,41,80,0.01,86,4,86,3,Red
17,16,34,0.0,95,3,81,1,Yellow
14,5,19,0.0,100,5,81,1,Yellow
15,21,83,0.0,86,9,85,2,Orange
12,38,68,0.0,91,5,88,3,Red
16,4,13,0.0,82,4,65,0,Green
16,57,64,0.42,91,5,85,2,Orange
9,10,17,0.0,84,11,70,0,Green
14,13,9,0.0,109,4,83,1,Yellow
16,56,63,0.01,89,8,83,1,Yellow
15,4,29,0.0,73,7,63,0,Green
21,6,88,0.0,82,4,80,0,Green
14,4,10,0.0,95,9,74,0,Green
20,55,80,0.09,86,7,82,1,Yellow
18,48,73,0.05,87,5,83,1,Yellow
11,1,10,0.0,98,5,79,0,Green
11,36,80,0.0,86,5,85,2,Orange
11,30,75,0.0,89,6,86,3,Red
13,7,13,0.0,82,9,65,0,Green
12,57,75,0.03,87,5,86,3,Red
11,16,61,0.0,84,6,82,1,Yellow
15,38,64,0.52,91,6,86,3,Red
18,53,80,0.04,84,6,81,1,Yellow
11,6,11,0.0,107,7,84,2,Orange
11,5,12,0.0,109,5,86,3,Red
14,66,64,0.01,87,3,82,1,Yellow
13,21,68,0.0,91,3,89,3,Red
16,5,37,0.0,93,8,81,1,Yellow
13,39,77,0.01,87,5,87,3,Red
19,28,68,0.06,89,5,82,1,Yellow
10,1,72,0.0,84,2,82,1,Yellow
15,80,79,0.0,77,8,74,0,Green
18,7,20,0.0,75,4,59,0,Green
20,92,78,0.02,66,2,62,0,Green
17,50,68,0.06,91,7,85,2,Orange
9,2,12,0.0,105,8,85,2,Orange
16,1,49,0.0,91,6,82,1,Yellow
17,8,41,0.0,91,9,80,0,Green
14,35,61,0.0,89,9,84,2,Orange
15,6,58,0.0,62,5,57,0,Green
7,2,14,0.0,98,12,79,0,Green
12,10,17,0.0,96,4,79,0,Green
13,3,7,0.0,95,4,73,0,Green
16,38,52,0.0,89,11,81,1,Yellow
13,4,50,0.0,89,6,82,1,Yellow
14,45,55,0.0,82,4,75,0,Green
13,7,60,0.0,91,5,88,3,Red
11,3,9,0.0,107,5,84,2,Orange
19,9,21,0.0,75,5,60,0,Green
10,6,11,0.0,107,8,85,2,Orange
10,17,85,0.0,84,4,82,1,Yellow
10,2,13,0.0,87,5,72,0,Green
13,8,10,0.0,98,12,75,0,Green
10,3,20,0.0,104,3,88,3,Red
15,50,73,0.15,89,5,86,3,Red
8,2,15,0.0,100,3,82,1,Yellow
14,10,80,0.0,87,10,87,3,Red
18,54,75,0.0,87,4,83,1,Yellow
13,8,9,0.0,107,6,82,1,Yellow
11,34,68,0.0,91,6,88,3,Red
15,40,66,0.0,87,9,84,2,Orange
14,32,49,0.0,89,8,81,1,Yellow
13,13,12,0.0,109,4,85,2,Orange
15,34,62,0.42,91,5,86,3,Red
16,55,73,0.3,89,9,84,2,Orange
17,46,65,0.0,84,8,78,0,Green
19,69,80,0.22,84,4,81,1,Yellow
18,68,79,0.48,84,6,80,0,Green
10,56,88,0.0,77,1,75,0,Green
8,26,50,0.0,77,4,72,0,Green
17,8,54,0.0,84,6,76,0,Green
17,6,13,0.0,91,3,70,0,Green
15,3,19,0.0,93,3,76,0,Green
16,42,68,0.01,89,8,84,2,Orange
11,5,10,0.0,98,5,78,0,Green
14,37,66,0.06,89,5,86,3,Red
17,62,72,0.16,89,8,85,2,Orange
14,34,80,0.0,86,6,85,2,Orange
15,72,72,0.14,86,9,83,1,Yellow
10,29,85,0.0,84,5,83,1,Yellow
11,0,21,0.0,100,5,84,2,Orange
13,6,10,0.0,113,3,87,3,Red
12,4,9,0.0,100,4,79,0,Green
15,59,64,0.06,89,3,84,2,Orange
14,4,8,0.0,104,3,79,0,Green
15,7,12,0.0,86,10,68,0,Green
18,36,70,0.0,89,6,84,2,Orange
15,42,73,0.18,89,14,86,3,Red
14,8,7,0.0,113,5,85,2,Orange
17,23,68,0.01,89,6,83,1,Yellow
16,69,68,0.15,91,11,86,3,Red
14,50,70,0.01,89,5,88,3,Red
13,47,61,0.0,87,8,84,2,Orange
13,4,9,0.0,113,2,86,3,Red
17,58,75,0.51,87,3,84,2,Orange
15,62,70,0.25,89,5,85,2,Orange
18,9,23,0.0,86,5,69,0,Green
17,18,77,0.0,87,7,84,2,Orange
11,2,11,0.0,104,6,83,1,Yellow
20,39,87,0.28,84,4,81,1,Yellow
10,4,19,0.0,107,3,90,3,Red
18,4,33,0.0,78,2,66,0,Green
13,20,68,0.0,89,8,87,3,Red
18,3,10,0.0,91,4,70,0,Green
10,4,14,0.0,109,2,88,3,Red
15,5,11,0.0,109,4,84,2,Orange
11,14,15,0.0,84,19,68,0,Green
10,4,14,0.0,109,2,89,3,Red
12,50,63,0.0,66,6,63,0,Green
13,6,9,0.0,107,6,82,1,Yellow
12,18,70,0.0,89,5,88,3,Red
11,10,63,0.0,84,6,82,1,Yellow
15,32,62,0.1,91,2,86,3,Red
18,11,77,0.0,87,5,84,2,Orange
17,3,37,0.0,84,3,71,0,Green
12,0,22,0.0,98,5,82,1,Yellow
13,31,80,0.01,89,11,88,3,Red
11,5,9,0.0,105,3,84,2,Orange
15,55,66,0.01,87,8,84,2,Orange
13,2,10,0.0,89,7,70,0,Green
18,36,73,0.01,89,8,84,2,Orange
15,49,78,0.5,89,12,87,3,Red
17,60,70,0.0,86,7,82,1,Yellow
13,59,75,1.32,89,10,87,3,Red
21,99,100,0.08,71,9,70,0,Green
13,5,10,0.0,105,3,82,1,Yellow
12,8,13,0.0,111,2,87,3,Red
8,1,33,0.0,96,3,85,2,Orange
13,64,77,0.66,87,9,87,3,Red
10,12,70,0.0,84,5,82,1,Yellow
14,44,65,0.01,86,4,82,1,Yellow
16,24,62,0.0,91,4,86,3,Red
13,11,58,0.0,82,5,79,0,Green
15,29,64,0.04,89,5,86,3,Red
14,53,66,0.0,89,6,86,3,Red
15,67,56,0.0,87,6,81,1,Yellow
21,93,94,0.01,68,9,67,0,Green
10,3,11,0.0,104,6,84,2,Orange
14,6,12,0.0,87,5,68,0,Green
10,1,10,0.0,102,7,82,1,Yellow
13,4,7,0.0,113,3,86,3,Red
17,34,79,0.25,86,9,84,2,Orange
13,3,35,0.0,93,6,83,1,Yellow
20,69,82,0.0,71,2,68,0,Green
14,81,82,0.12,87,15,86,3,Red
13,23,54,0.0,91,9,85,2,Orange
15,20,62,0.02,93,7,88,3,Red
15,5,29,0.0,102,5,86,3,Red
14,5,6,0.0,111,4,84,2,Orange
16,5,26,0.0,60,3,50,0,Green
13,61,73,0.03,89,5,87,3,Red
10,81,87,0.01,68,7,66,0,Green
15,51,71,0.11,89,10,87,3,Red
15,55,66,0.53,89,5,86,3,Red
16,7,17,0.0,104,2,82,1,Yellow
13,19,21,0.0,95,10,78,0,Green
15,0,14,0.0,91,13,72,0,Green
13,31,68,0.06,89,4,87,3,Red
9,2,7,0.0,95,2,75,0,Green
16,8,12,0.0,105,2,81,1,Yellow
15,44,75,1.76,87,7,85,2,Orange
14,11,27,0.0,68,10,57,0,Green
14,48,74,0.06,86,8,85,2,Orange
17,19,70,0.0,89,5,84,2,Orange
16,69,80,0.12,89,15,85,2,Orange
15,53,80,0.09,87,12,86,3,Red
10,1,8,0.0,102,2,81,1,Yellow
19,70,57,0.0,66,6,60,0,Green
16,95,79,0.03,75,16,71,0,Green
11,6,57,0.0,86,4,83,1,Yellow
11,4,13,0.0,107,4,85,2,Orange
17,90,82,0.22,82,12,79,0,Green
11,11,77,0.0,86,3,85,2,Orange
15,23,75,0.0,59,6,57,0,Green
11,12,74,0.0,87,4,85,2,Orange
13,77,75,0.17,89,15,87,3,Red
12,10,16,0.0,109,2,88,3,Red
16,69,70,0.01,89,7,84,2,Orange
14,11,13,0.0,93,4,74,0,Green
17,22,70,0.0,87,6,83,1,Yellow
14,57,67,0.05,89,8,86,3,Red
17,55,79,0.28,86,7,82,1,Yellow
10,0,45,0.0,87,4,81,1,Yellow
11,25,12,0.0,107,5,85,2,Orange
15,55,71,0.3,89,9,86,3,Red
12,37,80,0.01,86,4,86,3,Red
11,3,7,0.0,109,4,85,2,Orange
10,1,20,0.0,98,3,83,1,Yellow
16,44,70,0.02,89,9,84,2,Orange
19,61,82,0.03,84,7,81,1,Yellow
17,7,30,0.0,62,9,51,0,Green
16,3,22,0.0,84,6,67,0,Green
17,48,68,0.23,89,6,84,2,Orange
18,14,64,0.0,80,5,75,0,Green
14,37,60,0.01,91,6,88,3,Red
13,100,84,0.02,66,5,65,0,Green
19,16,79,0.0,80,4,76,0,Green
10,100,100,0.15,59,6,59,0,Green
11,14,70,0.0,89,4,86,3,Red
15,7,18,0.0,84,7,67,0,Green
13,20,70,0.0,87,7,86,3,Red
16,23,70,0.13,91,8,86,3,Red
13,81,80,0.12,89,16,86,3,Red
8,5,12,0.0,104,7,84,2,Orange
12,37,71,0.02,91,9,89,3,Red
13,4,34,0.0,96,4,86,3,Red
9,4,71,0.0,80,2,77,0,Green
8,6,29,0.0,98,5,84,2,Orange
11,6,10,0.0,109,9,85,2,Orange
9,14,18,0.0,100,3,84,2,Orange
13,8,9,0.0,113,6,86,3,Red
10,2,21,0.0,98,4,84,2,Orange
14,63,70,0.04,89,7,87,3,Red
16,31,64,0.0,93,6,87,3,Red
13,46,73,0.18,89,5,87,3,Red
13,4,12,0.0,111,3,87,3,Red
13,37,72,0.01,91,11,90,3,Red
14,57,74,0.1,89,13,86,3,Red
13,51,72,0.13,89,9,87,3,Red
14,1,51,0.0,91,9,84,2,Orange
14,0,12,0.0,105,5,84,2,Orange
16,24,63,0.0,89,4,84,2,Orange
12,18,73,0.0,89,4,88,3,Red
14,61,60,0.0,91,6,85,2,Orange
18,81,82,0.05,84,6,81,1,Yellow
19,40,75,0.02,86,5,82,1,Yellow
17,64,77,0.29,86,4,82,1,Yellow
12,4,12,0.0,107,10,84,2,Orange
12,1,17,0.0,100,3,83,1,Yellow
17,12,36,0.0,60,4,51,0,Green
14,28,70,0.0,89,6,87,3,Red
13,57,66,0.0,87,8,84,2,Orange
18,79,85,0.39,84,8,81,1,Yellow
11,10,17,0.0,96,3,81,1,Yellow
18,5,15,0.0,91,3,72,0,Green
16,51,64,0.51,91,3,86,3,Red
11,4,14,0.0,102,11,81,1,Yellow
19,56,80,0.25,86,6,83,1,Yellow
13,2,11,0.0,105,4,83,1,Yellow
11,37,59,0.0,86,3,82,1,Yellow
8,15,20,0.0,98,3,83,1,Yellow
14,56,66,0.02,87,9,84,2,Orange
15,4,12,0.0,107,6,83,1,Yellow
19,35,74,0.0,80,3,75,0,Green
18,30,75,0.01,89,9,84,2,Orange
14,44,66,0.0,91,3,88,3,Red
14,71,65,0.69,86,6,81,1,Yellow
16,50,72,0.14,91,9,87,3,Red
16,45,63,0.1,89,2,84,2,Orange
10,5,31,0.0,93,5,83,1,Yellow
10,24,83,0.02,86,5,84,2,Orange
13,35,70,0.0,87,10,86,3,Red
14,17,68,0.01,89,7,87,3,Red
14,39,65,0.01,89,14,86,3,Red
17,65,75,0.02,84,14,79,0,Green
12,2,14,0.0,100,2,81,1,Yellow
10,19,77,0.0,87,6,84,2,Orange
16,39,70,0.03,86,8,82,1,Yellow
15,3,28,0.0,89,5,75,0,Green
15,42,80,0.04,86,6,84,2,Orange
15,61,56,0.03,91,10,83,1,Yellow
12,37,63,0.0,64,7,60,0,Green
13,7,12,0.0,104,5,81,1,Yellow
17,68,79,0.01,73,6,70,0,Green
12,7,64,0.0,91,4,88,3,Red
14,45,60,0.0,91,9,86,3,Red
18,6,23,0.0,78,12,63,0,Green
15,37,58,0.0,89,9,84,2,Orange
12,57,77,0.04,87,5,86,3,Red
12,43,73,0.01,89,9,87,3,Red
12,25,70,0.01,87,5,86,3,Red
13,3,27,0.0,93,5,82,1,Yellow
12,46,75,0.18,87,5,86,3,Red
17,49,61,0.0,71,8,65,0,Green
13,0,32,0.0,91,4,81,1,Yellow
17,1,62,0.0,77,12,72,0,Green
11,1,21,0.0,102,5,86,3,Red
10,1,67,0.0,84,5,81,1,Yellow
15,46,50,0.0,89,8,82,1,Yellow
8,12,12,0.0,102,11,81,1,Yellow
13,8,10,0.0,111,6,85,2,Orange
15,51,54,0.01,91,4,84,2,Orange
20,47,84,0.26,77,4,75,0,Green
17,1,51,0.0,86,4,77,0,Green
14,41,67,0.01,89,7,87,3,Red
15,59,60,0.07,89,6,83,1,Yellow
14,2,8,0.0,104,5,80,0,Green
17,52,77,0.05,84,7,81,1,Yellow
10,1,12,0.0,107,4,86,3,Red
13,0,16,0.0,100,6,81,1,Yellow
9,5,12,0.0,104,11,83,1,Yellow
17,39,68,0.0,89,12,84,2,Orange
12,9,16,0.0,82,5,68,0,Green
18,2,38,0.0,82,1,70,0,Green
11,6,13,0.0,109,2,88,3,Red
13,37,72,0.02,91,9,89,3,Red
18,9,72,0.0,89,5,85,2,Orange
10,6,14,0.0,109,2,88,3,Red
15,31,66,0.0,93,6,88,3,Red
8,24,31,0.0,77,2,68,0,Green
13,94,90,0.0,77,12,77,0,Green
13,10,8,0.0,95,6,72,0,Green
18,100,97,0.09,64,9,64,0,Green
13,2,47,0.0,91,6,84,2,Orange
11,3,6,0.0,109,3,85,2,Orange
11,49,85,1.15,84,7,83,1,Yellow
10,4,12,0.0,100,5,81,1,Yellow
15,95,75,0.0,69,6,66,0,Green
13,4,13,0.0,107,9,83,1,Yellow
14,4,11,0.0,75,3,61,0,Green
14,56,59,0.0,89,6,85,2,Orange
12,2,22,0.0,89,3,75,0,Green
12,0,22,0.0,100,5,84,2,Orange
13,3,53,0.0,82,12,76,0,Green
17,73,70,0.56,89,4,84,2,Orange
14,27,63,0.0,86,8,81,1,Yellow
7,8,55,0.0,55,9,52,0,Green
12,36,73,0.0,89,6,87,3,Red
16,2,14,0.0,98,7,76,0,Green
16,67,63,0.11,93,7,87,3,Red
14,49,70,0.05,91,14,87,3,Red
9,17,16,0.0,91,5,76,0,Green
11,38,72,0.0,89,5,87,3,Red
11,22,75,0.02,87,6,85,2,Orange
18,70,60,0.0,84,2,77,0,Green
16,34,79,0.15,86,12,84,2,Orange
15,66,70,0.44,89,7,86,3,Red
18,49,20,0.0,82,8,64,0,Green
15,5,13,0.0,93,5,72,0,Green
9,2,12,0.0,100,2,82,1,Yellow
11,1,22,0.0,100,5,84,2,Orange
14,33,57,0.0,89,6,85,2,Orange
15,12,60,0.01,91,4,87,3,Red
12,55,72,0.0,78,5,77,0,Green
10,2,24,0.0,102,5,88,3,Red
18,14,77,0.02,87,7,84,2,Orange
15,19,61,0.0,89,7,84,2,Orange
16,4,7,0.0,98,6,73,0,Green
14,1,43,0.0,84,10,76,0,Green
16,29,77,0.0,86,5,84,2,Orange
18,59,78,0.02,87,8,84,2,Orange
16,60,77,0.7,87,9,84,2,Orange
8,9,18,0.0,93,4,78,0,Green
20,57,80,0.12,86,8,81,1,Yellow
14,7,9,0.0,105,3,81,1,Yellow
15,39,60,0.06,91,6,86,3,Red
14,23,43,0.0,93,8,84,2,Orange
18,2,69,0.0,75,9,70,0,Green
16,40,70,2.06,87,7,83,1,Yellow
13,13,42,0.0,93,9,86,3,Red
17,32,73,0.05,89,7,84,2,Orange
10,2,7,0.0,107,4,85,2,Orange
13,32,68,0.06,89,8,87,3,Red
13,27,59,0.0,89,5,85,2,Orange
13,6,8,0.0,111,5,84,2,Orange
16,28,70,0.0,87,5,84,2,Orange
13,7,14,0.0,111,3,88,3,Red
13,2,14,0.0,104,5,83,1,Yellow
11,19,82,0.0,82,5,81,1,Yellow
16,76,73,0.1,91,9,86,3,Red
10,2,9,0.0,104,7,83,1,Yellow
19,9,80,0.0,86,5,83,1,Yellow
14,3,7,0.0,111,5,83,1,Yellow
14,36,66,0.0,91,7,89,3,Red
12,25,17,0.0,91,9,76,0,Green
17,60,77,0.09,86,8,82,1,Yellow
17,39,68,0.02,89,5,83,1,Yellow
15,68,75,0.24,86,5,84,2,Orange
15,40,62,0.03,91,5,86,3,Red
12,68,63,0.0,86,8,81,1,Yellow
11,4,14,0.0,109,3,88,3,Red
13,6,49,0.0,89,11,84,2,Orange
14,42,61,0.0,89,8,85,2,Orange
21,33,83,0.0,84,7,81,1,Yellow
11,0,23,0.0,100,5,85,2,Orange
12,26,80,0.0,86,4,85,2,Orange
7,2,14,0.0,100,6,81,1,Yellow
13,63,51,0.01,93,13,86,3,Red
11,21,79,0.0,84,2,83,1,Yellow
10,54,75,0.0,59,9,57,0,Green
14,13,14,0.0,107,3,84,2,Orange
16,28,70,0.09,87,8,83,1,Yellow
9,3,19,0.0,100,4,84,2,Orange
11,24,66,0.0,89,4,85,2,Orange
16,49,66,0.0,91,5,87,3,Red
10,36,70,0.01,86,12,82,1,Yellow
12,38,73,0.0,89,5,88,3,Red
13,54,65,0.0,86,8,84,2,Orange
16,80,57,0.0,87,6,81,1,Yellow
9,3,12,0.0,102,7,83,1,Yellow
14,41,70,0.0,89,6,87,3,Red
10,2,9,0.0,100,5,80,0,Green
14,1,31,0.0,93,7,81,1,Yellow
17,50,29,0.0,64,5,54,0,Green
13,70,75,0.0,86,6,85,2,Orange
14,5,13,0.0,107,4,82,1,Yellow
19,4,14,0.0,93,3,73,0,Green
13,24,70,0.02,89,7,87,3,Red
9,3,11,0.0,105,7,85,2,Orange
13,4,13,0.0,107,5,84,2,Orange
16,51,71,0.08,89,9,85,2,Orange
10,14,9,0.0,104,8,83,1,Yellow
12,1,19,0.0,100,5,82,1,Yellow
17,7,12,0.0,75,2,58,0,Green
15,1,25,0.0,95,5,81,1,Yellow
20,45,85,0.19,84,3,81,1,Yellow
14,55,77,0.06,86,7,85,2,Orange
12,53,67,0.0,84,2,82,1,Yellow
10,5,10,0.0,104,4,84,2,Orange
16,63,68,0.56,89,3,85,2,Orange
14,45,64,0.0,91,4,88,3,Red
10,4,17,0.0,102,5,85,2,Orange
12,16,64,0.0,91,5,88,3,Red
8,2,23,0.0,95,5,81,1,Yellow
17,23,61,0.0,89,4,82,1,Yellow
12,30,82,0.0,82,7,82,1,Yellow
15,27,68,0.01,89,8,86,3,Red
14,15,9,0.0,113,2,86,3,Red
11,5,10,0.0,105,9,83,1,Yellow
17,50,80,0.51,87,11,84,2,Orange
16,65,70,0.21,87,5,83,1,Yellow
17,10,23,0.0,78,4,63,0,Green
12,6,12,0.0,89,3,73,0,Green
13,6,11,0.0,111,5,87,3,Red
17,8,18,0.0,75,7,58,0,Green
21,70,77,0.0,82,4,78,0,Green
14,85,84,1.29,82,15,81,1,Yellow
11,3,8,0.0,109,3,86,3,Red
18,34,78,0.01,87,9,83,1,Yellow
10,5,15,0.0,107,2,87,3,Red
12,2,7,0.0,109,5,85,2,Orange
15,44,63,0.0,71,8,66,0,Green
11,42,68,0.63,89,7,84,2,Orange
12,6,10,0.0,109,5,85,2,Orange
18,41,72,0.01,89,5,85,2,Orange
13,70,66,0.0,77,9,74,0,Green
14,8,8,0.0,113,6,85,2,Orange
16,50,73,0.04,89,13,85,2,Orange
16,47,68,0.06,91,7,86,3,Red
15,25,70,0.05,89,8,87,3,Red
14,1,21,0.0,98,8,81,1,Yellow
19,34,75,0.0,87,6,83,1,Yellow
12,5,13,0.0,111,3,87,3,Red
10,21,9,0.0,102,5,82,1,Yellow
21,55,82,0.01,84,7,81,1,Yellow
15,6,22,0.0,104,2,84,2,Orange
10,2,10,0.0,105,3,85,2,Orange
10,0,57,0.0,75,7,71,0,Green
9,1,12,0.0,102,6,83,1,Yellow
21,59,94,0.0,75,8,74,0,Green
18,51,75,0.15,86,5,81,1,Yellow
10,3,12,0.0,107,9,86,3,Red
13,45,70,0.0,86,7,85,2,Orange
10,0,17,0.0,100,4,83,1,Yellow
10,9,60,0.0,80,4,76,0,Green
17,49,80,0.03,86,9,82,1,Yellow
17,68,73,0.15,89,10,84,2,Orange
13,46,57,0.0,86,5,82,1,Yellow
15,41,54,0.0,89,8,82,1,Yellow
18,19,80,0.01,86,5,83,1,Yellow
12,50,72,0.02,86,3,84,2,Orange
14,6,11,0.0,104,5,81,1,Yellow
15,62,71,0.18,91,12,87,3,Red
11,14,65,0.0,87,2,84,2,Orange
13,5,38,0.0,95,7,85,2,Orange
13,25,62,0.0,91,4,87,3,Red
16,41,57,0.0,87,7,81,1,Yellow
17,10,13,0.0,82,5,63,0,Green
13,54,82,0.03,86,9,86,3,Red
8,5,12,0.0,104,6,85,2,Orange
21,46,91,0.01,82,5,81,1,Yellow
15,29,73,0.6,89,8,86,3,Red
17,7,75,0.0,89,5,85,2,Orange
7,23,21,0.0,95,2,79,0,Green
8,21,26,0.0,78,8,66,0,Green
12,86,87,0.0,71,11,71,0,Green
14,48,61,0.01,89,8,86,3,Red
11,6,9,0.0,113,6,88,3,Red
13,15,12,0.0,91,14,72,0,Green
8,4,23,0.0,98,3,83,1,Yellow
18,13,72,0.0,89,5,85,2,Orange
13,55,75,0.01,87,8,86,3,Red
11,5,9,0.0,111,7,87,3,Red
13,47,65,0.0,84,2,82,1,Yellow
11,1,9,0.0,111,4,88,3,Red
11,2,9,0.0,107,2,85,2,Orange
14,6,14,0.0,104,6,81,1,Yellow
12,12,12,0.0,109,4,86,3,Red
19,18,29,0.0,73,5,60,0,Green
19,100,100,0.08,66,8,66,0,Green
16,67,66,0.06,91,12,85,2,Orange
10,33,72,0.02,84,10,81,1,Yellow
11,3,10,0.0,109,3,86,3,Red
16,56,67,0.01,86,10,81,1,Yellow
14,5,8,0.0,107,2,82,1,Yellow
14,8,8,0.0,111,8,84,2,Orange
10,2,9,0.0,109,6,87,3,Red
11,39,72,0.04,89,5,86,3,Red
10,37,80,0.1,87,9,84,2,Orange
10,100,97,0.07,66,3,65,0,Green
10,4,11,0.0,107,6,86,3,Red
20,40,82,0.51,84,9,81,1,Yellow
10,4,11,0.0,104,5,84,2,Orange
10,2,11,0.0,104,5,84,2,Orange
11,41,75,0.13,86,9,84,2,Orange
18,34,68,0.0,86,11,81,1,Yellow
13,43,72,0.01,89,9,87,3,Red
17,28,77,0.01,87,5,84,2,Orange
17,36,60,0.0,87,11,81,1,Yellow
14,10,9,0.0,109,4,83,1,Yellow
15,92,84,0.01,69,7,68,0,Green
18,1,37,0.0,78,6,67,0,Green
13,3,22,0.0,80,5,68,0,Green
11,38,70,0.03,89,7,85,2,Orange
16,35,66,0.23,89,5,85,2,Orange
16,14,27,0.0,96,7,81,1,Yellow
15,48,83,0.47,87,14,86,3,Red
13,23,72,0.0,91,8,89,3,Red
7,2,13,0.0,102,10,81,1,Yellow
14,41,72,0.1,89,13,88,3,Red
16,25,63,0.0,89,4,84,2,Orange
16,6,15,0.0,86,6,66,0,Green
13,39,59,0.0,84,9,81,1,Yellow
10,5,13,0.0,102,12,82,1,Yellow
12,39,77,0.02,86,5,86,3,Red
14,43,68,0.0,91,9,87,3,Red
13,43,75,0.06,87,8,86,3,Red
12,21,70,0.0,89,4,87,3,Red
12,2,9,0.0,89,5,72,0,Green
19,97,100,0.02,71,8,70,0,Green
14,51,54,0.0,91,4,85,2,Orange
11,5,21,0.0,84,7,71,0,Green
12,5,6,0.0,100,4,77,0,Green
0,58,87,0.19,80,5,77,0,Green
11,3,11,0.0,109,4,86,3,Red
18,9,80,0.0,62,10,58,0,Green
13,50,70,0.01,86,14,84,2,Orange
11,12,20,0.0,95,5,80,0,Green
11,29,63,0.01,87,12,83,1,Yellow
11,16,17,0.0,102,5,84,2,Orange
15,3,24,0.0,93,5,79,0,Green
20,53,83,0.08,84,7,81,1,Yellow
10,14,75,0.0,87,3,84,2,Orange
14,32,64,0.0,91,2,88,3,Red
13,29,44,0.0,91,7,83,1,Yellow
16,40,65,0.03,89,5,84,2,Orange
13,8,8,0.0,111,5,85,2,Orange
15,43,78,0.17,86,4,85,2,Orange
13,48,82,0.41,86,9,86,3,Red
15,61,80,0.01,86,10,83,1,Yellow
16,23,60,0.02,93,8,87,3,Red
13,7,12,0.0,109,5,84,2,Orange
16,21,84,0.0,57,9,54,0,Green
13,9,7,0.0,111,13,84,2,Orange
13,67,77,0.01,84,12,83,1,Yellow
17,17,22,0.0,86,6,68,0,Green
13,23,8,0.0,104,8,79,0,Green
15,9,56,0.03,93,5,88,3,Red
15,49,71,0.09,89,9,86,3,Red
8,3,12,0.0,104,7,84,2,Orange
11,1,27,0.0,91,3,79,0,Green
15,61,70,0.19,87,8,84,2,Orange
18,60,75,0.02,86,9,82,1,Yellow
11,15,77,0.0,87,4,86,3,Red
11,5,18,0.0,104,5,86,3,Red
11,2,7,0.0,109,5,86,3,Red
15,56,73,0.06,89,7,85,2,Orange
15,34,73,0.0,89,13,86,3,Red
16,45,57,0.0,89,7,83,1,Yellow
11,2,63,0.0,86,5,82,1,Yellow
13,6,9,0.0,111,10,85,2,Orange
7,3,44,0.0,73,5,65,0,Green
19,97,94,0.02,71,7,70,0,Green
18,84,88,0.0,78,7,76,0,Green
13,15,18,0.0,100,5,81,1,Yellow
16,2,36,0.0,84,2,71,0,Green
19,100,100,0.08,69,9,69,0,Green
15,8,9,0.0,107,2,81,1,Yellow
18,50,74,0.51,87,11,83,1,Yellow
11,3,9,0.0,111,2,88,3,Red
10,2,8,0.0,104,5,83,1,Yellow
18,57,87,0.3,84,7,82,1,Yellow
14,8,9,0.0,107,10,82,1,Yellow
12,79,80,0.14,84,12,82,1,Yellow
14,36,66,0.0,91,3,88,3,Red
11,33,80,0.0,86,6,85,2,Orange
11,1,54,0.0,68,5,65,0,Green
12,1,55,0.0,84,2,80,0,Green
9,35,67,0.01,86,10,81,1,Yellow
13,8,9,0.0,107,4,82,1,Yellow
12,17,8,0.0,107,6,84,2,Orange
12,6,18,0.0,102,2,84,2,Orange
15,12,12,0.0,95,6,74,0,Green
15,73,82,0.0,84,12,81,1,Yellow
13,60,77,0.2,86,8,86,3,Red
13,1,16,0.0,96,4,78,0,Green
14,0,23,0.0,98,8,81,1,Yellow
13,1,12,0.0,109,4,86,3,Red
19,45,77,0.24,86,5,81,1,Yellow
13,24,66,0.0,89,4,87,3,Red
17,36,72,0.0,89,6,84,2,Orange
14,17,52,0.0,89,5,82,1,Yellow
11,5,18,0.0,84,10,70,0,Green
13,4,12,0.0,84,10,67,0,Green
14,46,77,0.31,89,13,89,3,Red
15,3,11,0.0,105,2,82,1,Yellow
18,58,75,0.04,87,6,83,1,Yellow
13,6,9,0.0,111,7,85,2,Orange
13,51,57,0.0,89,5,84,2,Orange
10,1,26,0.0,87,2,77,0,Green
9,1,23,0.0,93,4,79,0,Green
14,57,61,0.01,89,3,85,2,Orange
12,4,10,0.0,107,5,83,1,Yellow
10,2,20,0.0,104,5,88,3,Red
17,49,80,0.09,87,9,84,2,Orange
13,3,40,0.0,89,2,81,1,Yellow
7,0,24,0.0,73,2,61,0,Green
13,34,75,0.0,86,11,84,2,Orange
11,3,9,0.0,104,5,82,1,Yellow
21,92,66,0.02,75,5,69,0,Green
17,70,70,0.0,69,6,65,0,Green
11,5,11,0.0,105,3,84,2,Orange
17,10,59,0.06,91,8,85,2,Orange
17,4,22,0.0,87,3,71,0,Green
12,13,11,0.0,107,8,83,1,Yellow
10,45,82,0.36,84,12,81,1,Yellow
15,5,16,0.0,107,2,85,2,Orange
11,6,11,0.0,111,6,88,3,Red
12,4,7,0.0,107,3,82,1,Yellow
13,42,70,0.02,87,6,86,3,Red
14,68,72,0.18,89,9,87,3,Red
15,44,64,0.02,89,9,85,2,Orange
13,1,10,0.0,109,4,84,2,Orange
14,11,9,0.0,109,4,83,1,Yellow
11,46,80,0.19,86,10,83,1,Yellow
12,24,70,0.0,87,5,86,3,Red
12,4,9,0.0,107,4,83,1,Yellow
10,0,52,0.0,89,2,83,1,Yellow
20,80,96,0.04,68,5,66,0,Green
14,31,70,0.0,91,6,88,3,Red
8,3,10,0.0,98,4,79,0,Green
13,6,12,0.0,100,11,77,0,Green
19,17,75,0.0,86,9,82,1,Yellow
17,40,55,0.0,89,8,82,1,Yellow
22,20,91,0.01,82,5,81,1,Yellow
13,6,10,0.0,109,5,84,2,Orange
10,26,80,0.0,86,2,83,1,Yellow
11,33,72,0.05,87,7,85,2,Orange
14,51,15,0.0,93,8,73,0,Green
10,0,24,0.0,98,2,85,2,Orange
8,19,16,0.0,98,4,81,1,Yellow
15,44,73,0.16,89,6,86,3,Red
16,61,68,0.14,89,3,84,2,Orange
11,36,77,0.1,89,9,86,3,Red
19,48,72,0.34,86,3,81,1,Yellow
12,0,21,0.0,100,7,84,2,Orange
15,48,70,0.06,87,9,84,2,Orange
15,33,68,0.32,89,8,86,3,Red
11,7,59,0.0,89,8,84,2,Orange
17,9,26,0.0,93,5,77,0,Green
11,37,75,0.02,87,5,85,2,Orange
13,29,72,0.0,82,3,82,1,Yellow
16,54,74,0.12,86,7,84,2,Orange
10,71,78,0.0,62,7,60,0,Green
14,41,75,0.0,86,9,85,2,Orange
13,78,70,0.07,91,13,87,3,Red
12,0,10,0.0,107,4,84,2,Orange
18,4,20,0.0,73,2,59,0,Green
16,15,39,0.0,93,10,82,1,Yellow
14,10,15,0.0,89,11,70,0,Green
19,3,52,0.0,86,6,77,0,Green
16,43,65,0.01,89,9,84,2,Orange
10,2,11,0.0,109,2,88,3,Red
13,2,11,0.0,104,6,81,1,Yellow
19,30,70,0.01,87,6,82,1,Yellow
14,44,75,0.02,87,8,85,2,Orange
14,10,12,0.0,109,3,85,2,Orange
13,3,6,0.0,102,2,78,0,Green
17,15,65,0.0,84,4,78,0,Green
16,61,79,0.3,86,9,84,2,Orange
15,19,61,0.0,87,12,81,1,Yellow
12,2,8,0.0,111,5,86,3,Red
14,25,62,0.0,91,4,87,3,Red
15,37,66,1.81,89,7,85,2,Orange
11,3,7,0.0,111,4,86,3,Red
13,72,72,0.2,86,8,85,2,Orange
16,56,61,0.29,91,3,85,2,Orange
12,13,70,0.0,89,5,88,3,Red
11,52,80,0.01,84,4,83,1,Yellow
12,19,64,0.0,89,3,86,3,Red
10,8,11,0.0,100,9,81,1,Yellow
20,7,17,0.0,66,4,52,0,Green
18,9,33,0.0,73,3,61,0,Green
17,64,72,0.42,86,5,82,1,Yellow
20,66,91,0.02,82,6,81,1,Yellow
11,35,77,0.0,86,3,84,2,Orange
18,71,75,0.49,86,4,82,1,Yellow
12,25,67,0.01,86,12,82,1,Yellow
10,38,85,0.01,86,5,84,2,Orange
16,20,16,0.0,98,3,76,0,Green
12,7,11,0.0,111,5,87,3,Red
11,1,10,0.0,109,4,87,3,Red
10,3,10,0.0,105,3,85,2,Orange
17,30,70,0.03,89,7,85,2,Orange
10,3,19,0.0,91,3,77,0,Green
16,52,68,0.19,89,8,84,2,Orange
16,95,78,0.03,68,6,64,0,Green
13,22,62,0.0,91,4,88,3,Red
12,3,8,0.0,104,2,81,1,Yellow
18,30,66,0.01,91,3,84,2,Orange
14,49,79,1.15,84,8,84,2,Orange
14,7,12,0.0,111,3,85,2,Orange
12,1,9,0.0,111,2,86,3,Red
13,15,70,0.0,89,6,88,3,Red
15,4,58,0.0,89,10,83,1,Yellow
15,42,70,0.01,86,9,84,2,Orange
19,15,77,0.03,86,5,82,1,Yellow
16,1,54,0.0,73,1,66,0,Green
15,16,70,0.0,89,9,86,3,Red
13,43,66,0.02,93,9,90,3,Red
15,59,58,0.05,89,3,84,2,Orange
10,4,13,0.0,109,4,88,3,Red
9,3,20,0.0,71,9,58,0,Green
13,0,68,0.0,69,9,66,0,Green
13,43,11,0.0,98,18,75,0,Green
17,68,60,0.01,82,4,76,0,Green
15,5,14,0.0,107,2,85,2,Orange
11,8,45,0.0,89,7,82,1,Yellow
11,15,8,0.0,107,6,84,2,Orange
11,38,74,0.0,78,3,77,0,Green
14,8,8,0.0,111,5,84,2,Orange
13,54,70,0.02,89,4,86,3,Red
12,5,13,0.0,95,9,75,0,Green
10,3,13,0.0,107,5,87,3,Red
14,53,73,0.04,89,3,86,3,Red
10,2,11,0.0,102,6,82,1,Yellow
14,69,67,0.11,89,12,86,3,Red
21,29,69,0.0,78,3,73,0,Green
16,0,44,0.0,89,6,79,0,Green
12,19,8,0.0,105,7,81,1,Yellow
14,1,60,0.0,89,11,84,2,Orange
19,35,80,0.0,86,9,81,1,Yellow
17,61,77,0.24,86,5,83,1,Yellow
15,6,9,0.0,109,5,81,1,Yellow
13,20,12,0.0,102,7,81,1,Yellow
13,41,68,0.0,89,10,85,2,Orange
15,30,68,0.02,89,6,86,3,Red
17,49,61,0.07,86,6,80,0,Green
17,74,70,0.49,89,4,84,2,Orange
14,42,77,0.0,87,5,87,3,Red
13,65,68,0.04,91,7,87,3,Red
17,6,21,0.0,84,4,69,0,Green
16,12,16,0.0,86,3,66,0,Green
12,6,9,0.0,111,7,86,3,Red
17,62,78,0.16,87,10,84,2,Orange
14,41,72,0.1,84,9,83,1,Yellow
15,14,38,0.0,91,7,81,1,Yellow
15,0,64,0.0,75,8,69,0,Green
21,47,88,0.14,80,4,77,0,Green
15,26,54,0.0,89,5,81,1,Yellow
14,0,35,0.0,87,6,75,0,Green
11,3,11,0.0,105,3,84,2,Orange
22,64,87,0.0,62,3,59,0,Green
13,58,68,0.12,89,8,87,3,Red
12,8,70,0.0,84,5,82,1,Yellow
16,68,67,0.05,89,10,83,1,Yellow
13,8,10,0.0,109,9,84,2,Orange
13,34,70,0.03,91,9,88,3,Red
9,1,10,0.0,107,6,86,3,Red
11,6,11,0.0,104,5,83,1,Yellow
11,26,67,0.0,59,4,57,0,Green
12,69,79,0.01,82,13,80,0,Green
11,6,8,0.0,105,5,83,1,Yellow
16,42,68,0.05,87,4,83,1,Yellow
14,18,59,0.0,89,7,85,2,Orange
14,100,97,0.03,68,8,68,0,Green
14,25,61,0.0,91,8,87,3,Red
15,62,70,0.37,89,5,85,2,Orange
11,6,13,0.0,102,12,81,1,Yellow
15,89,84,0.02,75,7,73,0,Green
15,67,83,0.29,87,14,86,3,Red
12,7,13,0.0,111,5,87,3,Red
16,6,74,0.0,82,5,79,0,Green
16,56,63,0.04,91,9,86,3,Red
19,21,74,0.0,77,2,72,0,Green
13,5,15,0.0,104,12,82,1,Yellow
11,3,8,0.0,102,5,81,1,Yellow
19,30,80,0.0,84,6,81,1,Yellow
9,7,11,0.0,102,3,82,1,Yellow
12,7,11,0.0,107,8,83,1,Yellow
10,1,11,0.0,104,4,84,2,Orange
16,72,80,0.03,84,15,80,0,Green
10,88,84,0.01,73,6,70,0,Green
12,33,77,0.0,89,5,88,3,Red
18,6,80,0.0,62,0,59,0,Green
16,66,65,0.67,89,5,83,1,Yellow
14,21,77,0.0,86,9,86,3,Red
13,4,7,0.0,107,6,82,1,Yellow
10,4,19,0.0,95,5,80,0,Green
15,9,31,0.0,93,9,81,1,Yellow
16,38,66,0.01,93,5,88,3,Red
14,8,12,0.0,111,3,85,2,Orange
14,20,61,0.0,84,3,81,1,Yellow
14,37,72,0.08,91,15,88,3,Red
12,8,9,0.0,111,5,86,3,Red
14,10,8,0.0,113,6,85,2,Orange
15,65,70,0.21,87,5,84,2,Orange
13,37,66,0.14,91,8,87,3,Red
18,9,82,0.01,86,10,83,1,Yellow
10,3,63,0.0,84,4,81,1,Yellow
16,20,70,0.0,89,8,86,3,Red
12,4,10,0.0,111,2,87,3,Red
14,24,66,0.0,89,4,86,3,Red
17,57,72,0.15,87,6,83,1,Yellow
14,45,13,0.0,91,8,72,0,Green
16,5,16,0.0,104,2,81,1,Yellow
10,3,13,0.0,104,2,85,2,Orange
11,1,26,0.0,93,3,80,0,Green
15,2,22,0.0,91,2,75,0,Green
13,47,66,0.01,89,4,86,3,Red
14,29,65,0.0,84,3,81,1,Yellow
14,10,10,0.0,107,3,83,1,Yellow
13,1,16,0.0,102,2,82,1,Yellow
15,51,82,0.03,86,9,84,2,Orange
11,20,9,0.0,104,5,83,1,Yellow
16,35,64,0.0,89,13,84,2,Orange
17,62,70,0.5,86,6,82,1,Yellow
14,70,55,0.0,86,5,81,1,Yellow
17,3,12,0.0,87,4,67,0,Green
20,6,82,0.0,84,4,81,1,Yellow
8,2,16,0.0,86,1,71,0,Green
12,15,17,0.0,107,4,87,3,Red
16,71,77,0.3,86,9,83,1,Yellow
15,49,62,0.01,89,9,84,2,Orange
15,9,9,0.0,109,6,82,1,Yellow
15,6,13,0.0,107,3,82,1,Yellow
13,17,73,0.0,89,9,89,3,Red
18,7,77,0.0,87,5,84,2,Orange
16,24,80,0.0,86,8,84,2,Orange
16,29,70,0.0,89,6,85,2,Orange
21,40,88,0.06,82,4,79,0,Green
19,9,75,0.0,64,7,60,0,Green
13,18,36,0.0,95,2,86,3,Red
10,13,75,0.0,84,5,82,1,Yellow
17,67,83,0.65,84,6,82,1,Yellow
15,29,73,0.0,89,6,86,3,Red
14,2,25,0.0,91,4,76,0,Green
10,3,24,0.0,75,3,65,0,Green
16,14,34,0.0,80,3,67,0,Green
17,9,56,0.0,86,5,78,0,Green
18,17,68,0.0,86,4,81,1,Yellow
11,5,10,0.0,107,5,85,2,Orange
13,91,85,0.99,82,18,81,1,Yellow
17,63,70,0.52,89,4,84,2,Orange
11,6,7,0.0,102,5,80,0,Green
11,4,19,0.0,98,7,82,1,Yellow
12,17,70,0.0,89,7,88,3,Red
13,0,13,0.0,107,4,84,2,Orange
10,1,9,0.0,105,3,85,2,Orange
14,35,70,0.07,89,5,86,3,Red
10,2,9,0.0,105,9,84,2,Orange
15,6,17,0.0,102,5,81,1,Yellow
16,9,33,0.0,100,4,84,2,Orange
17,5,11,0.0,95,4,73,0,Green
10,38,80,0.0,86,3,84,2,Orange
18,7,38,0.0,89,3,76,0,Green
14,8,8,0.0,109,2,83,1,Yellow
10,29,68,0.0,86,13,81,1,Yellow
18,1,43,0.0,77,3,67,0,Green
12,13,17,0.0,82,20,65,0,Green
15,35,73,0.0,86,22,82,1,Yellow
11,5,10,0.0,109,6,86,3,Red
16,30,70,0.0,86,20,81,1,Yellow
14,49,67,0.03,89,9,86,3,Red
13,61,80,0.17,89,12,88,3,Red
15,42,35,0.0,95,3,83,1,Yellow
13,1,12,0.0,102,3,80,0,Green
15,8,37,0.0,95,10,84,2,Orange
14,4,12,0.0,107,7,84,2,Orange
15,44,64,0.01,89,5,85,2,Orange
12,3,12,0.0,86,3,70,0,Green
19,40,80,0.25,86,11,82,1,Yellow
11,6,8,0.0,104,10,81,1,Yellow
15,22,23,0.0,75,7,61,0,Green
15,15,80,0.0,87,10,86,3,Red
12,5,7,0.0,109,5,84,2,Orange
11,19,72,0.0,89,6,86,3,Red
11,0,12,0.0,98,7,81,1,Yellow
10,20,73,0.0,89,6,85,2,Orange
11,37,70,0.02,91,9,88,3,Red
7,3,13,0.0,95,4,77,0,Green
13,35,77,0.0,86,10,84,2,Orange
16,62,70,0.02,89,12,84,2,Orange
11,2,12,0.0,102,7,82,1,Yellow
13,9,8,0.0,116,7,88,3,Red
12,45,80,0.04,86,2,86,3,Red
17,9,21,0.0,86,5,69,0,Green
11,3,13,0.0,98,4,81,1,Yellow
18,64,73,0.57,87,2,83,1,Yellow
13,19,12,0.0,105,6,82,1,Yellow
17,30,59,0.0,91,4,85,2,Orange
14,77,57,0.0,87,6,82,1,Yellow
12,6,11,0.0,109,6,86,3,Red
10,18,9,0.0,100,6,81,1,Yellow
17,75,62,0.0,73,3,68,0,Green
14,65,54,0.0,87,6,81,1,Yellow
13,2,8,0.0,111,5,85,2,Orange
10,26,83,0.0,86,5,84,2,Orange
13,19,33,0.0,93,9,83,1,Yellow
8,2,33,0.0,62,4,55,0,Green
14,15,8,0.0,111,4,85,2,Orange
12,4,10,0.0,107,2,83,1,Yellow
18,48,70,0.01,87,9,82,1,Yellow
17,22,74,0.01,87,9,84,2,Orange
12,92,87,0.0,68,3,67,0,Green
14,48,72,0.05,86,8,85,2,Orange
12,5,55,0.0,84,5,80,0,Green
12,8,11,0.0,109,7,86,3,Red
10,1,11,0.0,104,5,84,2,Orange
20,52,82,0.16,84,5,81,1,Yellow
18,36,75,0.02,87,6,83,1,Yellow
17,23,36,0.0,95,5,82,1,Yellow
13,6,12,0.0,109,5,86,3,Red
15,10,13,0.0,91,6,70,0,Green
16,100,87,0.01,64,4,63,0,Green
12,6,16,0.0,100,4,82,1,Yellow
12,7,11,0.0,109,12,84,2,Orange
15,4,17,0.0,105,3,84,2,Orange
18,11,78,0.0,86,9,82,1,Yellow
13,77,84,0.05,75,8,74,0,Green
16,54,63,0.5,89,6,84,2,Orange
8,15,31,0.0,69,10,60,0,Green
18,37,64,0.03,89,5,83,1,Yellow
13,27,72,0.0,89,5,88,3,Red
11,1,12,0.0,104,6,84,2,Orange
11,5,11,0.0,105,9,83,1,Yellow
12,2,7,0.0,104,2,81,1,Yellow
10,4,12,0.0,98,6,80,0,Green
18,25,75,0.01,87,5,83,1,Yellow
12,31,68,0.0,86,7,83,1,Yellow
9,2,12,0.0,102,4,83,1,Yellow
11,7,9,0.0,109,6,86,3,Red
9,2,10,0.0,104,8,84,2,Orange
13,5,8,0.0,107,5,82,1,Yellow
13,2,9,0.0,111,4,85,2,Orange
9,4,11,0.0,107,6,86,3,Red
19,2,24,0.0,73,4,60,0,Green
14,39,77,0.21,89,12,88,3,Red
11,21,8,0.0,107,10,84,2,Orange
11,13,13,0.0,104,9,82,1,Yellow
11,54,82,0.04,86,5,84,2,Orange
9,3,13,0.0,102,6,83,1,Yellow
16,54,65,0.44,89,5,84,2,Orange
8,22,10,0.0,95,4,77,0,Green
13,58,85,0.19,84,11,84,2,Orange
16,37,13,0.0,91,7,71,0,Green
14,5,59,0.0,86,6,81,1,Yellow
11,2,17,0.0,105,5,87,3,Red
14,40,64,0.01,89,5,86,3,Red
18,94,97,0.4,75,12,75,0,Green
11,30,66,0.0,86,13,83,1,Yellow
14,10,36,0.0,95,7,84,2,Orange
15,39,71,0.18,91,15,87,3,Red
16,87,65,0.13,86,6,81,1,Yellow
13,68,60,0.06,91,9,86,3,Red
16,7,46,0.0,87,5,78,0,Green
16,36,72,0.03,89,8,85,2,Orange
11,1,19,0.0,96,5,81,1,Yellow
15,26,59,0.01,86,2,81,1,Yellow
15,72,87,0.0,71,16,69,0,Green
17,56,75,0.12,87,8,83,1,Yellow
14,56,67,0.0,86,9,81,1,Yellow
14,27,44,0.0,91,7,82,1,Yellow
18,2,34,0.0,78,6,66,0,Green
13,4,10,0.0,104,5,81,1,Yellow
12,43,75,0.02,89,6,87,3,Red
17,23,19,0.0,96,2,77,0,Green
12,53,70,0.0,86,8,85,2,Orange
15,13,60,0.0,86,7,81,1,Yellow
11,8,12,0.0,98,9,77,0,Green
10,7,10,0.0,109,6,87,3,Red
17,77,62,0.0,82,6,76,0,Green
17,29,73,0.0,89,8,84,2,Orange
13,40,62,0.02,91,7,88,3,Red
15,3,65,0.0,82,20,76,0,Green
10,8,11,0.0,104,5,84,2,Orange
13,34,68,0.0,87,10,84,2,Orange
13,1,27,0.0,89,7,76,0,Green
11,4,16,0.0,102,5,83,1,Yellow
13,22,72,0.0,89,6,88,3,Red
10,22,9,0.0,104,5,84,2,Orange
15,74,71,0.29,91,12,86,3,Red
11,4,20,0.0,104,5,87,3,Red
14,40,74,0.03,89,15,87,3,Red
13,4,9,0.0,113,7,86,3,Red
8,3,28,0.0,98,2,85,2,Orange
14,3,10,0.0,109,5,84,2,Orange
14,61,75,0.01,87,7,86,3,Red
20,35,82,0.25,86,11,82,1,Yellow
13,8,15,0.0,109,2,87,3,Red
18,26,43,0.0,55,2,48,0,Green
13,50,66,0.01,89,3,86,3,Red
13,6,13,0.0,107,4,84,2,Orange
14,52,68,0.02,89,4,87,3,Red
17,31,82,0.19,86,9,84,2,Orange
13,22,46,0.0,91,6,85,2,Orange
15,37,65,0.0,86,5,81,1,Yellow
13,46,66,0.02,91,9,89,3,Red
10,8,12,0.0,95,4,77,0,Green
18,64,70,0.52,87,3,82,1,Yellow
12,44,41,0.0,91,3,84,2,Orange
12,18,70,0.0,89,3,88,3,Red
11,25,66,0.0,89,4,84,2,Orange
13,43,75,0.02,89,7,87,3,Red
11,1,8,0.0,102,5,81,1,Yellow
10,8,11,0.0,105,10,85,2,Orange
11,1,26,0.0,98,5,85,2,Orange
10,46,85,0.19,84,3,82,1,Yellow
14,47,64,0.01,89,7,86,3,Red
14,78,57,0.0,86,6,81,1,Yellow
18,17,33,0.0,86,5,72,0,Green
15,64,73,0.05,86,6,84,2,Orange
14,5,16,0.0,89,15,72,0,Green
15,1,17,0.0,98,4,78,0,Green
18,56,73,0.12,89,8,83,1,Yellow
12,0,21,0.0,102,5,84,2,Orange
14,1,13,0.0,89,3,71,0,Green
10,46,88,0.03,84,4,82,1,Yellow
11,2,8,0.0,102,4,81,1,Yellow
11,10,79,0.0,82,5,81,1,Yellow
9,3,14,0.0,95,12,77,0,Green
20,24,74,0.03,86,5,81,1,Yellow
16,51,80,0.03,86,9,84,2,Orange
11,47,62,0.07,89,9,86,3,Red
11,0,40,0.0,80,13,72,0,Green
12,53,72,0.04,86,13,84,2,Orange
13,7,12,0.0,111,2,87,3,Red
20,40,88,0.05,84,5,81,1,Yellow
13,88,93,0.07,73,6,74,0,Green
14,4,23,0.0,95,5,81,1,Yellow
10,23,77,0.0,87,3,85,2,Orange
14,7,10,0.0,111,3,86,3,Red
15,55,79,0.22,84,12,81,1,Yellow
19,35,74,0.01,80,3,76,0,Green
11,6,14,0.0,107,2,86,3,Red
10,8,13,0.0,107,5,87,3,Red
19,27,70,0.0,89,3,83,1,Yellow
13,1,8,0.0,107,3,82,1,Yellow
11,44,77,0.01,84,2,83,1,Yellow
13,16,66,0.0,91,5,89,3,Red
13,1,40,0.0,86,4,76,0,Green
21,40,82,0.0,86,11,82,1,Yellow
13,5,8,0.0,113,3,86,3,Red
10,0,11,0.0,105,5,85,2,Orange
15,58,68,0.49,91,3,87,3,Red
13,9,10,0.0,111,6,85,2,Orange
11,13,9,0.0,104,15,81,1,Yellow
13,8,13,0.0,107,2,84,2,Orange
16,64,68,0.37,89,5,84,2,Orange
11,11,79,0.0,86,2,85,2,Orange
11,3,9,0.0,104,3,82,1,Yellow
21,7,84,0.0,71,2,69,0,Green
13,6,13,0.0,109,4,85,2,Orange
14,19,68,0.0,89,2,86,3,Red
15,36,66,0.03,89,7,85,2,Orange
17,17,68,0.0,89,7,83,1,Yellow
15,74,71,0.1,75,6,72,0,Green
16,36,70,0.0,91,6,87,3,Red
11,1,47,0.0,89,2,83,1,Yellow
18,54,72,0.14,84,8,80,0,Green
14,19,75,0.01,87,8,86,3,Red
13,97,87,0.02,75,8,74,0,Green
8,9,27,0.0,77,1,65,0,Green
17,56,72,0.04,89,6,84,2,Orange
18,57,75,0.09,87,7,83,1,Yellow
13,8,11,0.0,105,7,82,1,Yellow
10,2,19,0.0,87,2,74,0,Green
14,5,7,0.0,111,3,84,2,Orange
10,3,14,0.0,109,5,88,3,Red
12,2,16,0.0,107,5,87,3,Red
18,63,73,0.35,87,3,83,1,Yellow
18,37,61,0.0,82,5,76,0,Green
11,2,10,0.0,104,4,83,1,Yellow
10,1,11,0.0,107,3,86,3,Red
11,4,13,0.0,82,8,67,0,Green
13,2,20,0.0,84,2,69,0,Green
13,12,51,0.0,86,3,81,1,Yellow
18,28,72,0.0,86,5,82,1,Yellow
14,3,13,0.0,86,9,68,0,Green
8,11,18,0.0,100,5,84,2,Orange
14,5,9,0.0,111,2,85,2,Orange
16,28,68,0.0,91,6,86,3,Red
18,40,26,0.0,80,8,65,0,Green
10,8,15,0.0,73,13,60,0,Green
15,6,12,0.0,102,3,79,0,Green
12,1,14,0.0,104,4,84,2,Orange
13,69,63,0.0,86,9,81,1,Yellow
19,36,75,0.0,86,6,82,1,Yellow
11,24,74,0.0,86,3,84,2,Orange
16,96,91,0.02,75,10,74,0,Green
11,5,19,0.0,87,4,74,0,Green
20,47,88,0.0,73,1,71,0,Green
16,55,78,0.09,89,10,86,3,Red
16,45,54,0.0,89,14,81,1,Yellow
13,1,38,0.0,93,3,84,2,Orange
11,19,67,0.0,86,5,82,1,Yellow
10,3,9,0.0,100,2,81,1,Yellow
18,8,19,0.0,75,3,59,0,Green
14,29,63,0.0,84,5,82,1,Yellow
11,27,80,0.01,84,2,83,1,Yellow
11,6,12,0.0,102,6,81,1,Yellow
11,5,11,0.0,105,2,84,2,Orange
11,3,8,0.0,109,12,85,2,Orange
13,66,70,0.09,89,9,86,3,Red
14,4,9,0.0,109,2,84,2,Orange
12,46,70,0.01,87,3,85,2,Orange
13,31,63,0.0,86,18,82,1,Yellow
12,0,24,0.0,100,5,84,2,Orange
14,37,68,0.0,87,9,85,2,Orange
11,19,8,0.0,105,6,83,1,Yellow
19,3,25,0.0,93,2,76,0,Green
12,70,52,0.0,93,13,84,2,Orange
12,2,8,0.0,109,5,84,2,Orange
20,39,91,0.36,78,9,77,0,Green
13,0,55,0.0,84,3,80,0,Green
16,66,77,0.39,86,9,84,2,Orange
12,25,55,0.0,86,11,81,1,Yellow
14,37,72,0.0,86,9,85,2,Orange
15,18,75,0.0,87,8,85,2,Orange
11,5,8,0.0,102,7,80,0,Green
19,7,13,0.0,98,2,75,0,Green
14,50,77,0.01,84,12,83,1,Yellow
11,5,13,0.0,107,5,86,3,Red
13,20,9,0.0,104,6,81,1,Yellow
19,71,78,0.0,64,2,60,0,Green
13,3,6,0.0,102,6,77,0,Green
14,48,66,0.04,91,7,89,3,Red
10,3,12,0.0,107,5,86,3,Red
19,56,75,0.12,86,8,82,1,Yellow
9,13,18,0.0,100,3,84,2,Orange
8,2,14,0.0,93,10,75,0,Green
15,60,78,0.0,86,17,83,1,Yellow
13,37,61,0.0,86,7,82,1,Yellow
16,40,75,0.04,86,6,84,2,Orange
12,39,70,0.04,89,6,88,3,Red
18,41,71,0.19,89,5,83,1,Yellow
16,56,66,0.35,91,4,86,3,Red
12,4,50,0.0,89,5,84,2,Orange
9,33,74,0.0,84,3,81,1,Yellow
11,8,24,0.0,82,10,70,0,Green
15,56,56,0.0,89,7,84,2,Orange
16,0,27,0.0,93,5,78,0,Green
11,6,8,0.0,104,2,81,1,Yellow
15,62,73,0.32,89,13,87,3,Red
19,1,74,0.0,80,9,76,0,Green
11,4,10,0.0,107,4,84,2,Orange
15,62,65,0.01,86,3,81,1,Yellow
10,3,12,0.0,96,8,78,0,Green
15,1,21,0.0,86,2,70,0,Green
17,11,21,0.0,80,4,64,0,Green
15,29,63,0.0,84,5,81,1,Yellow
10,40,83,0.03,86,7,84,2,Orange
15,43,62,0.02,89,9,84,2,Orange
12,49,70,0.01,87,3,85,2,Orange
13,11,44,0.0,89,9,81,1,Yellow
12,8,16,0.0,105,4,86,3,Red
15,45,72,0.0,86,12,82,1,Yellow
15,36,68,0.0,91,6,87,3,Red
15,51,71,0.08,91,9,87,3,Red
13,2,58,0.0,89,10,84,2,Orange
13,73,63,0.69,86,6,82,1,Yellow
17,24,75,0.02,87,5,84,2,Orange
12,29,72,0.0,84,2,82,1,Yellow
13,19,64,0.01,93,5,90,3,Red
11,6,17,0.0,98,5,81,1,Yellow
14,6,7,0.0,109,2,82,1,Yellow
15,2,29,0.0,93,7,80,0,Green
14,37,57,0.0,87,14,83,1,Yellow
13,6,9,0.0,111,4,85,2,Orange
14,20,70,0.0,89,7,87,3,Red
12,3,18,0.0,86,2,72,0,Green
12,13,73,0.0,89,3,87,3,Red
19,35,78,0.01,86,4,81,1,Yellow
11,13,15,0.0,100,4,83,1,Yellow
14,26,73,0.0,89,6,87,3,Red
14,36,68,0.11,91,7,88,3,Red
13,3,22,0.0,86,3,74,0,Green
11,2,12,0.0,105,4,85,2,Orange
11,0,13,0.0,102,5,84,2,Orange
16,55,74,0.28,87,7,84,2,Orange
16,7,15,0.0,89,12,69,0,Green
18,57,67,0.0,82,3,76,0,Green
11,5,15,0.0,104,5,84,2,Orange
13,52,77,0.13,86,10,86,3,Red
14,7,8,0.0,113,6,85,2,Orange
10,100,93,0.04,64,7,63,0,Green
10,3,7,0.0,102,4,81,1,Yellow
16,100,93,0.2,64,6,63,0,Green
13,47,74,0.02,86,22,83,1,Yellow
15,9,17,0.0,87,5,70,0,Green
13,7,37,0.0,86,9,78,0,Green
13,2,31,0.0,89,3,76,0,Green
16,47,71,0.12,89,9,85,2,Orange
13,44,68,0.01,87,8,85,2,Orange
18,3,56,0.0,84,5,75,0,Green
11,16,74,0.0,89,2,86,3,Red
11,40,77,0.04,87,7,86,3,Red
18,58,73,0.3,89,7,84,2,Orange
18,19,70,0.0,87,5,82,1,Yellow
13,50,59,0.0,86,8,81,1,Yellow
16,6,18,0.0,86,3,68,0,Green
11,5,9,0.0,113,3,89,3,Red
15,6,13,0.0,82,3,65,0,Green
19,46,79,0.0,71,14,67,0,Green
10,1,10,0.0,104,2,84,2,Orange
13,35,59,0.0,89,8,84,2,Orange
18,57,70,0.08,89,7,84,2,Orange
13,44,36,0.0,95,2,85,2,Orange
15,8,17,0.0,93,8,73,0,Green
11,50,65,0.0,82,4,79,0,Green
11,2,8,0.0,107,8,84,2,Orange
17,30,72,0.0,89,6,84,2,Orange
13,71,88,0.01,80,10,80,0,Green
10,54,88,0.01,82,13,82,1,Yellow
14,5,13,0.0,109,5,84,2,Orange
17,7,16,0.0,68,4,53,0,Green
17,100,79,0.03,71,6,68,0,Green
12,7,18,0.0,100,4,82,1,Yellow
13,6,8,0.0,109,3,83,1,Yellow
15,4,20,0.0,84,8,68,0,Green
15,50,72,0.08,87,7,85,2,Orange
11,5,10,0.0,109,9,86,3,Red
19,53,75,0.08,87,5,83,1,Yellow
13,6,40,0.0,91,10,82,1,Yellow
14,11,56,0.0,87,5,82,1,Yellow
14,2,40,0.0,89,5,80,0,Green
18,6,60,0.0,82,7,75,0,Green
15,8,13,0.0,98,3,76,0,Green
12,25,64,0.01,89,4,86,3,Red
11,17,74,0.0,87,6,85,2,Orange
11,3,16,0.0,104,9,84,2,Orange
14,49,59,0.0,86,2,81,1,Yellow
18,32,80,0.0,86,7,82,1,Yellow
12,22,66,0.0,89,2,86,3,Red
17,76,73,0.18,89,10,85,2,Orange
14,35,60,0.0,91,3,87,3,Red
11,5,10,0.0,107,5,84,2,Orange
10,4,17,0.0,107,4,89,3,Red
13,64,60,0.0,91,9,85,2,Orange
13,4,11,0.0,109,4,84,2,Orange
15,65,54,0.0,73,7,68,0,Green
14,7,9,0.0,105,5,81,1,Yellow
21,43,90,0.02,71,7,70,0,Green
10,1,63,0.0,84,6,79,0,Green
11,0,20,0.0,98,5,82,1,Yellow
11,22,69,0.0,75,5,73,0,Green
16,56,79,0.1,89,12,86,3,Red
10,2,8,0.0,107,4,84,2,Orange
11,3,18,0.0,109,3,90,3,Red
11,5,70,0.0,89,4,86,3,Red
11,2,20,0.0,98,5,83,1,Yellow
13,7,10,0.0,113,4,88,3,Red
15,43,73,0.0,89,8,86,3,Red
18,64,87,0.65,82,6,81,1,Yellow
14,4,11,0.0,111,6,85,2,Orange
17,51,72,0.07,86,9,82,1,Yellow
19,32,70,0.0,87,4,82,1,Yellow
15,1,24,0.0,84,7,69,0,Green
11,4,9,0.0,113,6,88,3,Red
12,29,77,0.0,86,5,86,3,Red
14,1,32,0.0,89,5,76,0,Green
14,40,77,0.26,87,13,86,3,Red
14,36,68,0.01,87,6,85,2,Orange
13,39,64,0.0,91,5,89,3,Red
10,3,14,0.0,107,2,88,3,Red
10,1,20,0.0,87,9,73,0,Green
19,1,32,0.0,82,5,68,0,Green
14,32,17,0.0,82,9,65,0,Green
12,68,82,0.01,78,2,78,0,Green
12,29,73,0.04,89,5,87,3,Red
15,49,64,0.0,89,9,84,2,Orange
12,4,66,0.0,89,5,87,3,Red
14,4,9,0.0,95,4,73,0,Green
12,30,72,0.01,86,2,85,2,Orange
13,3,28,0.0,93,5,81,1,Yellow
17,57,71,0.08,91,7,86,3,Red
14,13,38,0.0,91,7,82,1,Yellow
12,38,75,0.04,89,8,88,3,Red
16,42,70,0.01,87,5,84,2,Orange
0,66,84,0.0,77,4,75,0,Green
13,33,77,0.0,89,6,88,3,Red
19,53,80,0.02,86,7,82,1,Yellow
13,55,59,0.0,89,14,84,2,Orange
14,39,64,0.06,91,6,87,3,Red
17,62,60,0.0,89,7,82,1,Yellow
11,18,74,0.0,87,6,85,2,Orange
9,2,8,0.0,104,5,83,1,Yellow
11,3,10,0.0,107,4,84,2,Orange
13,6,10,0.0,111,6,85,2,Orange
13,88,75,0.0,64,3,62,0,Green
13,8,36,0.0,93,7,84,2,Orange
13,34,70,0.01,87,14,86,3,Red
14,10,74,0.0,84,7,82,1,Yellow
16,8,14,0.0,102,7,79,0,Green
12,37,73,0.11,89,6,87,3,Red
13,37,70,0.04,89,6,88,3,Red
17,44,79,0.12,86,9,83,1,Yellow
13,5,10,0.0,113,6,87,3,Red
12,5,36,0.0,91,7,82,1,Yellow
21,73,93,0.01,64,5,62,0,Green
13,50,66,0.05,87,8,85,2,Orange
15,65,60,0.02,91,6,85,2,Orange
17,14,77,0.0,87,11,84,2,Orange
12,5,11,0.0,109,4,85,2,Orange
13,36,75,0.0,84,13,81,1,Yellow
13,26,68,0.0,91,5,89,3,Red
15,11,34,0.0,96,4,84,2,Orange
13,55,70,0.02,86,8,84,2,Orange
14,6,13,0.0,98,10,77,0,Green
20,52,85,0.01,84,3,81,1,Yellow
14,18,73,0.0,89,9,89,3,Red
15,48,72,0.07,87,9,85,2,Orange
16,5,16,0.0,80,4,64,0,Green
14,61,75,0.02,87,5,85,2,Orange
13,54,70,0.08,89,13,87,3,Red
13,28,57,0.0,86,8,81,1,Yellow
13,38,82,0.3,87,11,88,3,Red
11,2,13,0.0,102,6,83,1,Yellow
18,53,70,0.52,87,6,82,1,Yellow
9,5,16,0.0,104,5,86,3,Red
11,42,75,0.02,86,3,84,2,Orange
10,33,91,0.02,82,2,82,1,Yellow
11,7,11,0.0,107,8,84,2,Orange
17,28,70,0.01,89,7,84,2,Orange
17,95,71,0.01,77,5,72,0,Green
14,51,66,0.0,89,3,87,3,Red
14,66,77,0.22,84,12,82,1,Yellow
11,0,22,0.0,102,5,86,3,Red
12,89,85,0.0,80,10,78,0,Green
18,77,90,0.05,66,3,65,0,Green
10,3,8,0.0,91,5,73,0,Green
11,9,16,0.0,104,4,85,2,Orange
22,56,90,0.2,78,2,77,0,Green
14,46,82,0.19,84,11,84,2,Orange
14,2,36,0.0,86,6,74,0,Green
12,36,83,0.01,86,8,86,3,Red
11,9,61,0.0,84,5,81,1,Yellow
12,22,8,0.0,109,10,84,2,Orange
17,83,87,0.28,73,12,70,0,Green
16,5,61,0.0,82,12,76,0,Green
11,12,77,0.0,87,6,86,3,Red
11,34,72,0.0,89,4,87,3,Red
13,3,43,0.0,91,5,84,2,Orange
13,24,72,0.0,91,8,89,3,Red
