f,6
c,4
l,0
l,1
l,2
l,3
r,0
n,4,82.001511,1,45
n,4,81.0,-1,1
n,2,89.0,1,31
n,2,69.5,1,7
n,3,0.025,1,5
n,2,66.0,-1,1
n,5,2.5,1,-1
n,0,16.0,1,-1
n,2,68.0,-2,-1
n,1,34.5,-2,-1
n,0,13.958439,1,17
n,1,52.5,1,11
n,0,11.021973,1,8
n,1,10.407415,1,3
n,5,7.0,-1,1
n,1,3.0,-2,-1
n,2,73.0,-1,1
n,0,9.5,-1,1
n,1,13.5,1,-2
n,2,75.0,-1,-2
n,1,40.0,-2,1
n,1,47.0,-1,-2
n,3,0.53,1,-2
n,2,78.0,-1,1
n,1,78.0,1,-1
n,5,12.5,-2,1
n,1,61.5,-2,-1
n,3,1.225,1,-2
n,3,0.57606,1,4
n,5,13.5,-1,1
n,1,78.5,1,-1
n,3,0.025,-1,-2
n,1,67.107746,-2,-1
n,2,92.0,1,-1
n,3,0.005,-1,1
n,5,9.0,1,-1
n,1,65.802715,1,7
n,5,2.5,1,2
n,1,41.5,-2,-1
n,0,20.774924,-2,1
n,3,0.015,-2,1
n,0,21.341321,1,-2
n,5,3.5,-2,-1
n,1,72.5,1,-1
n,3,0.015,-1,-2
n,4,86.000004,1,341
n,2,56.010286,1,24
n,2,49.039354,1,5
n,2,47.5,-1,1
n,5,2.5,-2,1
n,5,13.0,-1,1
n,2,48.5,-1,-2
n,0,13.934,1,14
n,4,85.0,-1,1
n,0,10.101776,1,3
n,1,11.0,1,-1
n,1,3.0,-1,-2
n,1,37.0,1,8
n,1,3.309031,1,3
n,2,52.0,-1,1
n,5,8.5,-2,-1
n,0,12.979114,-2,1
n,1,4.5,-1,1
n,5,6.0,1,-2
n,1,23.5,-2,-1
n,2,54.5,-1,-2
n,1,69.5,1,3
n,1,40.0,-1,1
n,1,43.5,-2,-1
n,1,73.0,-2,-1
n,0,16.025271,1,224
n,4,85.998096,1,89
n,0,15.997693,1,82
n,2,78.14484,1,47
n,0,9.004477,1,3
n,2,73.0,-1,1
n,1,12.0,-1,-2
n,2,61.007933,1,15
n,0,13.974366,1,13
n,5,9.5,1,11
n,4,84.036221,1,-2
n,2,58.0,1,5
n,1,7.5,-1,1
n,1,9.0,-2,1
n,1,11.0,-1,1
n,0,11.5,-1,-2
n,1,38.5,1,3
n,5,7.0,-2,1
n,0,12.5,-1,-2
n,0,12.5,-1,-2
n,4,84.309303,-1,-2
n,5,4.5,-2,-1
n,1,79.366154,1,26
n,0,10.000952,1,6
n,2,67.664257,1,-2
n,1,11.5,1,-1
n,5,4.959118,-2,1
n,1,3.479545,1,-2
n,2,66.0,-1,-2
n,2,77.343693,1,18
n,1,60.5,1,13
n,5,9.999231,1,7
n,5,2.006132,1,2
n,0,14.0,-2,-1
n,5,7.995237,-2,1
n,5,8.003119,1,-2
n,1,17.743898,-2,1
n,1,32.5,-1,-2
n,2,63.490433,-1,1
n,3,0.000485,1,-2
n,1,46.0,1,-1
n,2,73.977718,-2,1
n,0,13.5,-2,-1
n,2,67.5,1,2
n,4,84.081673,-1,-2
n,0,12.221214,1,-2
n,1,69.121807,-2,-3
n,4,85.228321,-2,-3
n,3,0.112733,-1,1
n,1,96.360901,-2,-1
n,4,84.028152,1,15
n,3,1.135892,1,12
n,3,0.189474,1,5
n,5,2.005525,1,2
n,2,83.5,-2,-3
n,5,12.90292,-2,1
n,3,0.002506,-3,-2
n,1,62.5,1,-2
n,1,56.014524,1,-3
n,2,82.809052,1,2
n,5,11.5,-3,-2
n,1,54.533607,-2,1
n,1,55.045504,-3,-2
n,1,67.533218,1,-2
n,2,82.453568,-3,-2
n,1,30.844771,-2,1
n,0,14.959493,1,13
n,0,10.023633,-2,1
n,2,82.084763,1,-3
n,0,12.677403,1,2
n,5,3.949251,-3,-2
n,5,6.04325,-2,1
n,0,14.348149,1,3
n,2,80.547268,-3,1
n,3,0.066415,-2,-3
n,4,85.758633,1,-2
n,0,14.415998,-2,1
n,4,84.455173,1,-3
n,0,14.698647,-3,-2
n,4,84.627899,-2,1
n,3,0.051055,-2,1
n,1,45.522303,-3,1
n,3,0.157862,1,-3
n,0,15.90143,-2,-3
n,3,0.045,1,4
n,5,15.979247,1,-2
n,2,76.0,-1,1
n,1,65.5,-2,-1
n,5,13.0,1,-2
n,2,78.0,-2,-1
n,2,70.650505,1,46
n,2,67.945858,1,36
n,0,14.996968,1,20
n,0,8.5,-1,1
n,1,21.679719,1,8
n,1,13.956551,1,2
n,1,1.5,-1,-2
n,2,61.093266,1,4
n,5,11.0,1,-1
n,2,60.948305,-2,1
n,1,18.0,-2,-3
n,2,66.5,-3,-2
n,1,30.059624,1,6
n,0,13.81484,1,4
n,5,7.023436,1,-2
n,2,62.0,-2,1
n,3,0.005,-3,-2
n,2,59.161602,-1,-2
n,2,64.935661,-2,1
n,3,0.00045,1,-2
n,0,13.5,1,-2
n,2,65.148396,-3,-2
n,3,0.000291,1,11
n,2,64.0,1,9
n,5,8.0,1,3
n,1,10.5,1,-1
n,2,58.0,-1,-2
n,1,11.0,-2,1
n,1,44.0,1,-2
n,5,10.5,1,-1
n,1,22.5,-1,1
n,1,27.5,-2,-1
n,1,32.5,-1,-2
n,3,0.41,1,-1
n,5,11.0,1,-1
n,1,31.5,1,-2
n,0,15.5,-2,-1
n,3,0.024433,1,6
n,1,37.107189,1,4
n,5,8.221855,1,-2
n,1,32.5,-2,1
n,3,0.005,-3,-1
n,0,11.5,-2,-3
n,5,9.2544,-2,1
n,0,14.643313,-3,1
n,1,34.675886,-1,-2
n,2,74.002708,1,18
n,1,43.669468,1,5
n,0,15.302352,1,-2
n,5,9.578486,-3,1
n,0,12.31726,-2,1
n,0,14.814467,-3,-2
n,5,6.53735,1,2
n,1,73.923019,-3,-2
n,0,14.002682,1,8
n,0,11.5,-2,1
n,5,13.686092,1,-2
n,1,71.968803,1,4
n,3,0.016127,-2,1
n,0,13.592997,-3,1
n,1,58.521212,-3,-2
n,2,72.874134,-2,-3
n,5,7.5,1,-2
n,3,0.115878,-2,-3
n,0,11.996957,1,23
n,0,10.011079,1,8
n,5,4.03069,1,4
n,2,80.052883,1,-3
n,2,78.5,-3,1
n,1,32.0,-2,-3
n,5,5.473047,1,2
n,3,0.055,-3,-2
n,1,16.795322,-2,-3
n,2,75.017483,1,5
n,1,26.199639,1,2
n,3,0.005,-3,-2
n,1,45.5,-3,1
n,0,11.463815,-2,-3
n,5,8.800929,1,6
n,0,10.476444,1,-3
n,3,0.049359,1,-2
n,0,10.468959,1,-2
n,5,2.37629,1,-3
n,2,77.920753,-3,-2
n,0,11.244744,1,-3
n,1,31.5,-2,1
n,1,44.5,-3,-2
n,5,4.997419,1,6
n,0,12.097529,1,3
n,1,31.419083,1,-4
n,1,23.5,-4,-3
n,2,79.961952,-3,1
n,1,35.112503,-3,-4
n,0,13.457218,1,20
n,2,80.10994,1,16
n,1,29.5,1,3
n,1,27.962797,1,-4
n,0,12.615741,-3,-4
n,0,13.256034,1,9
n,2,77.569347,1,4
n,1,52.5,1,-3
n,5,8.0,-4,1
n,1,46.5,-3,-4
n,1,59.635906,1,-4
n,2,79.79398,1,2
n,3,0.06912,-3,-4
n,5,5.5,-4,-3
n,3,0.111682,-3,1
n,3,0.182157,-4,1
n,0,13.272105,-2,-3
n,5,7.88688,1,-4
n,2,81.68539,-4,1
n,0,12.164644,-4,-3
n,5,9.981679,1,16
n,0,15.901869,1,7
n,5,9.340681,1,4
n,5,5.008381,1,-3
n,0,14.335001,1,-3
n,2,76.85025,-4,-3
n,2,79.945038,-3,1
n,1,58.550323,-3,-2
n,2,75.176689,1,4
n,1,41.5,-3,1
n,3,0.102175,-2,1
n,1,65.905838,-3,-2
n,5,9.014063,1,-2
n,1,68.5,1,-2
n,2,79.5,-3,1
n,1,53.0,-3,-2
n,1,35.590376,-3,1
n,0,14.174093,1,2
n,2,78.5,-4,-3
n,5,10.215166,1,-2
n,3,0.045,-2,-3
n,2,65.04438,1,3
n,3,0.025,-1,1
n,2,64.0,-1,-2
n,4,84.008087,1,58
n,2,77.006077,1,16
n,1,48.013596,1,4
n,2,76.0,-1,1
n,5,8.0,-1,1
n,0,18.5,-1,-2
n,0,17.866684,1,6
n,2,75.117668,1,3
n,5,11.243401,-1,1
n,3,0.019424,-2,-1
n,1,58.228773,-2,1
n,1,64.0,-1,-2
n,1,66.5,1,3
n,3,0.41,-1,1
n,5,5.5,-2,-1
n,5,7.5,-1,1
n,3,0.005,-1,-2
n,2,82.009846,1,36
n,3,0.031052,1,21
n,2,81.852921,1,10
n,5,4.147609,1,3
n,1,40.5,1,-2
n,2,78.5,-2,-1
n,5,11.5,1,-1
n,2,78.131397,1,2
n,5,6.650667,-1,-2
n,2,79.767139,-2,1
n,5,7.459257,1,-1
n,1,65.5,-2,-1
n,5,8.5,1,-1
n,5,6.5,1,4
n,1,15.0,-2,1
n,0,19.5,1,-1
n,5,3.5,-2,-1
n,1,61.5,1,-1
n,1,52.0,1,2
n,1,45.5,-2,-1
n,5,7.858401,-2,1
n,0,20.0,-1,-2
n,5,2.5,1,2
n,1,35.0,-2,-1
n,3,0.59,1,-1
n,1,64.828861,1,5
n,3,0.051374,1,-2
n,1,54.0,-2,1
n,0,19.429854,1,-2
n,2,81.0,-2,-1
n,5,3.5,-1,1
n,1,65.009117,-1,1
n,3,0.464933,1,3
n,3,0.174983,1,-2
n,3,0.138795,-2,-1
n,1,70.0,-1,-2
n,2,83.060455,1,-2
n,5,5.065329,1,-2
n,2,82.857525,-2,1
n,1,41.0,-2,1
n,0,20.0,-1,-2
n,2,70.133713,1,15
n,1,64.5,1,10
n,0,19.5,1,-1
n,1,47.0,1,4
n,2,68.424404,1,-2
n,0,17.306922,1,-2
n,1,41.24441,-1,-2
n,1,49.5,-1,1
n,1,60.059208,1,-2
n,2,67.924561,-2,1
n,3,0.005,-2,-1
n,2,67.988842,-2,1
n,5,3.5,-2,1
n,1,75.5,-1,1
n,5,5.0,-1,-2
n,0,16.99704,1,3
n,1,35.156466,1,-2
n,4,85.990948,-2,-3
n,2,81.985069,1,7
n,2,72.082741,1,4
n,0,18.964972,-2,1
n,3,0.33,1,-2
n,1,66.5,-1,-2
n,2,80.078617,-2,1
n,2,80.091137,-3,-2
n,0,17.97928,1,4
n,1,25.0,-3,1
n,1,33.0,1,-2
n,1,30.5,-2,-3
n,1,15.003428,1,-2
n,3,0.1,-2,-3
n,2,59.244352,1,879
n,4,105.000046,1,674
n,4,98.005783,1,326
n,2,18.001945,1,41
n,4,96.029228,1,15
n,2,17.143877,1,8
n,4,95.5,-1,1
n,1,2.5,1,-1
n,2,16.019259,1,4
n,2,15.5,-1,1
n,0,10.5,1,-1
n,0,9.0,-1,-2
n,2,16.981505,-2,-1
n,4,95.161774,1,5
n,0,10.5,1,-1
n,4,94.0,-1,1
n,0,9.5,-1,1
n,1,5.5,-1,-2
n,0,11.5,-2,-1
n,2,14.038172,1,14
n,1,0.5,1,3
n,0,11.5,1,-1
n,5,5.5,-1,-2
n,5,1.5,1,2
n,0,10.154466,-1,-2
n,2,13.466145,1,5
n,2,12.5,-1,1
n,1,4.0,1,-1
n,5,4.5,1,-1
n,0,9.5,-1,-2
n,2,13.966145,-2,1
n,1,4.5,1,-1
n,1,3.5,-1,-2
n,0,12.5,1,-1
n,5,10.5,1,-1
n,1,9.797483,1,8
n,5,2.017796,1,2
n,0,11.5,-2,-1
n,5,5.939661,1,4
n,0,11.97846,-2,1
n,2,15.242747,1,-2
n,5,3.5,-2,-1
n,0,10.459575,-1,-2
n,0,10.827029,-2,-1
n,2,33.013027,1,99
n,4,93.016506,1,33
n,4,91.021152,1,14
n,2,29.054649,1,5
n,2,28.5,-1,1
n,4,90.0,-1,1
n,1,3.5,-1,1
n,1,4.5,-2,-1
n,4,89.807144,-1,1
n,0,13.5,1,-1
n,5,5.847223,1,-1
n,0,11.096427,1,3
n,1,11.0,1,-2
n,5,1.5,-2,-1
n,1,0.037107,1,-2
n,5,4.5,-2,-1
n,2,25.106053,1,7
n,2,24.5,-1,1
n,0,13.5,1,-1
n,5,3.5,-1,1
n,5,10.5,1,-1
n,0,11.560282,1,-2
n,1,3.0,-2,-1
n,0,14.636351,1,8
n,2,26.145782,1,5
n,1,3.049424,1,3
n,0,8.937836,-2,1
n,2,25.713249,-2,-1
n,0,8.429743,-1,-2
n,2,27.030213,1,-2
n,0,12.145782,-1,-2
n,5,8.5,-1,1
n,1,5.5,-1,1
n,0,15.5,-2,-1
n,2,23.61389,1,33
n,0,12.842173,1,19
n,0,7.5,-1,1
n,2,20.96235,1,7
n,1,35.5,1,-1
n,4,95.020912,1,3
n,0,10.5,1,-1
n,1,3.649229,-2,-1
n,0,11.990965,-2,1
n,4,96.390179,-1,-2
n,4,97.988007,1,8
n,0,8.005996,1,2
n,2,22.0,-1,-2
n,5,13.5,1,-1
n,5,5.999792,-2,1
n,2,22.955173,1,-1
n,5,6.020365,1,-2
n,0,11.5,-1,-2
n,0,8.919888,-2,1
n,0,10.5,-3,-2
n,5,7.075361,1,12
n,2,22.200831,1,6
n,1,29.0,1,-2
n,4,97.0,-1,1
n,0,13.682039,-2,1
n,2,21.0,-1,1
n,1,7.0,-2,-1
n,5,5.565657,1,-1
n,5,4.5,-1,1
n,0,16.0,1,-1
n,1,4.652756,-2,1
n,2,22.700831,-2,-1
n,4,96.712715,-1,-2
n,4,95.126625,1,17
n,0,14.815104,1,15
n,2,24.070798,1,3
n,0,10.544552,-2,1
n,0,13.315718,-1,-2
n,0,7.5,-1,1
n,1,16.921125,1,9
n,5,2.005805,1,4
n,4,95.010197,1,-3
n,2,29.5,-2,1
n,1,1.5,-3,-2
n,1,0.005806,1,2
n,0,12.0,-2,-1
n,2,25.000937,1,-2
n,0,12.589714,-2,-1
n,5,5.699389,-2,-3
n,2,28.323827,-1,-2
n,0,11.09397,1,7
n,5,7.5,1,-2
n,1,5.977788,1,4
n,1,1.976443,-3,1
n,2,26.601188,1,-3
n,5,2.521742,-4,-3
n,2,26.5,-2,-3
n,2,30.187802,1,4
n,0,15.991203,1,-1
n,1,0.061558,1,-2
n,0,14.0,-2,-1
n,0,15.304469,1,-2
n,2,32.634306,1,-4
n,2,31.445263,1,-3
n,1,18.567446,-2,-3
n,4,88.998684,1,32
n,2,43.5,-1,1
n,0,16.974741,1,29
n,2,58.748312,1,25
n,0,7.034506,-1,1
n,2,46.341431,1,2
n,0,13.5,-2,-1
n,1,2.696089,1,7
n,1,1.992906,1,3
n,2,50.287277,1,-2
n,5,4.65857,-2,-1
n,5,4.982993,1,2
n,2,51.847855,-2,-3
n,1,2.014085,-1,-2
n,0,8.051488,1,3
n,1,45.5,1,-1
n,5,13.5,-2,-1
n,0,15.987139,1,10
n,4,88.484116,1,6
n,0,14.99535,-2,1
n,2,54.094479,1,2
n,5,7.64083,-1,-2
n,5,8.918896,-2,1
n,5,9.240884,-1,-2
n,4,88.51638,-3,1
n,2,57.193655,-2,1
n,2,57.627556,-3,-2
n,2,54.5,-1,-2
n,4,87.246696,1,-3
n,0,15.5,-2,1
n,1,20.600477,-1,-2
n,4,87.66394,-1,-2
n,0,14.924501,1,106
n,2,51.088684,1,72
n,4,93.001289,1,48
n,2,42.791704,1,25
n,4,89.086975,1,11
n,2,38.5,1,5
n,1,20.5,1,-2
n,2,34.5,1,-1
n,5,4.5,1,-1
n,0,10.0,-1,-2
n,0,13.5,1,-1
n,1,1.518188,-1,1
n,1,3.763613,-2,1
n,0,12.5,-2,1
n,5,3.5,-2,-1
n,5,5.057649,1,6
n,2,37.951166,-2,1
n,4,91.13023,1,3
n,2,38.169962,-1,1
n,2,40.876743,-2,-3
n,0,13.457858,-3,-2
n,3,0.005,1,-4
n,4,92.988426,1,3
n,5,5.455751,1,-2
n,2,41.776228,-2,-3
n,2,41.387512,1,-4
n,1,5.256708,-2,1
n,1,8.136507,-3,-2
n,4,89.028992,1,10
n,0,13.015045,1,8
n,2,48.979708,1,2
n,3,0.005,-2,-1
n,1,8.5,1,-2
n,5,10.72408,1,3
n,1,4.127656,1,-3
n,1,3.964204,-3,-2
n,1,6.764642,-3,-2
n,2,43.832794,-1,-2
n,1,26.5,1,7
n,0,14.050629,1,-2
n,4,90.952724,1,3
n,2,46.290295,-2,1
n,1,7.592031,-3,-2
n,0,13.997983,-3,1
n,5,7.5,-2,-3
n,5,6.979062,1,3
n,1,34.09376,1,-3
n,3,0.005,-2,-4
n,5,8.171707,-2,1
n,3,0.005,-3,-4
n,0,12.989667,1,9
n,1,3.324975,1,3
n,2,34.132185,1,-3
n,2,33.182455,-3,-2
n,1,34.968072,1,-3
n,0,12.834267,1,3
n,5,6.673471,-4,1
n,4,94.263531,-4,-3
n,0,12.897425,-3,-4
n,4,95.232723,1,12
n,2,34.458937,1,2
n,0,13.347019,-3,-2
n,5,8.06214,1,8
n,1,10.927576,-3,1
n,1,21.77764,1,3
n,2,35.376419,1,-4
n,0,13.800575,-2,-3
n,1,42.318674,1,-3
n,1,23.934094,-3,1
n,3,0.00229,-2,-4
n,2,37.536711,-3,-4
n,0,14.024998,-4,1
n,1,5.830292,-4,-3
n,4,91.554554,1,29
n,5,14.253699,1,-2
n,2,53.558931,1,8
n,5,4.921037,1,2
n,2,51.890768,-3,-2
n,1,35.295433,1,4
n,0,9.685726,-2,1
n,0,13.932869,-3,1
n,0,14.090338,-2,-3
n,4,89.839535,-2,-3
n,1,79.887024,1,-2
n,2,59.062384,1,16
n,1,54.389982,1,10
n,4,91.211159,1,-4
n,2,54.171206,1,3
n,4,89.870628,1,-3
n,1,15.227793,-3,-2
n,5,11.905718,1,4
n,2,58.983904,-3,1
n,1,41.0,-3,1
n,3,0.015048,-4,-3
n,0,14.579812,-3,-2
n,0,12.784249,-4,1
n,5,6.043293,1,2
n,1,55.662216,-2,-3
n,5,12.676319,-3,1
n,1,56.523329,-3,-2
n,1,52.650284,1,-3
n,0,13.953665,-3,-4
n,1,62.338963,-4,1
n,3,0.012583,1,2
n,2,51.873547,-4,-3
n,4,92.235733,-3,-4
n,3,0.004221,1,37
n,0,17.905348,1,35
n,4,95.458908,1,-3
n,1,56.281458,1,-3
n,2,57.758081,1,30
n,0,16.985929,1,21
n,5,9.452893,1,16
n,4,89.132423,1,11
n,2,49.0,1,4
n,1,37.0,1,-2
n,2,46.5,-1,1
n,2,47.5,-2,-1
n,4,89.01894,1,-3
n,1,0.5,-1,1
n,1,55.741568,1,3
n,2,52.015341,1,-2
n,2,51.275272,-2,-1
n,2,56.5,-3,-2
n,5,2.448248,-1,1
n,0,15.991209,-2,1
n,4,91.153152,1,-2
n,2,42.5,-1,-2
n,4,90.025982,-2,1
n,1,41.06415,1,-2
n,0,15.870688,-3,1
n,2,47.5,-2,-3
n,2,54.5,1,-2
n,4,94.0,1,-2
n,2,43.0,1,3
n,4,92.0,-1,1
n,2,39.0,-1,-2
n,4,90.0,1,-2
n,5,6.5,1,-1
n,1,10.0,-2,-1
n,1,23.024843,-2,1
n,1,44.365129,-3,-2
n,5,7.5,-1,-2
n,4,92.568779,1,9
n,4,89.726364,1,3
n,0,15.277233,1,-2
n,2,58.286079,-3,-2
n,2,58.369835,1,-3
n,3,0.02997,1,2
n,0,15.5,-3,-2
n,2,57.334869,-2,1
n,4,90.054424,-2,-3
n,1,47.105724,-4,-3
n,0,11.98873,1,178
n,2,16.01827,1,141
n,4,102.002075,1,65
n,4,100.012257,1,41
n,2,10.029266,1,17
n,5,4.88968,1,11
n,0,10.836427,1,8
n,2,8.5,-1,1
n,2,9.996272,1,-1
n,1,25.0,1,-1
n,1,2.015051,1,2
n,2,9.302183,-1,-2
n,5,3.946168,-2,1
n,1,3.29071,-1,-2
n,1,1.5,1,-1
n,5,3.0,-2,-1
n,1,17.5,1,4
n,2,9.5,-1,1
n,5,5.5,1,-1
n,0,9.0,-1,-2
n,1,21.0,-2,-1
n,1,13.562913,1,19
n,5,11.899075,1,17
n,0,7.023668,1,4
n,1,4.0,1,-2
n,1,1.5,-1,1
n,1,2.5,-2,-1
n,1,12.780294,1,11
n,2,11.043699,1,5
n,2,10.978842,-2,1
n,0,10.5,1,2
n,5,2.5,-1,-2
n,5,4.0,-2,-1
n,1,9.993342,1,4
n,2,12.034224,1,-2
n,0,8.06425,1,-2
n,1,2.5,-1,-2
n,5,7.5,-2,-1
n,5,6.5,-2,-1
n,2,13.5,-1,-2
n,4,99.887463,-2,1
n,2,15.5,1,-2
n,0,9.5,1,-1
n,1,36.5,-1,-1
n,2,13.377837,1,19
n,2,6.5,-1,1
n,0,10.990821,-2,1
n,2,13.092187,1,-3
n,1,19.972579,1,-1
n,2,7.5,-1,1
n,5,9.527421,1,11
n,2,12.87361,1,9
n,2,9.224262,1,-2
n,5,6.5,1,6
n,1,2.059834,1,3
n,1,1.826425,-2,1
n,5,4.0,-2,-1
n,2,8.986318,-2,1
n,5,4.5,-1,-2
n,1,10.5,-1,-2
n,1,1.0,-3,-2
n,2,11.212612,1,-2
n,2,10.5,-1,-1
n,5,4.999871,1,2
n,4,101.68264,-2,-3
n,0,10.264743,1,-2
n,4,101.297943,-2,-3
n,2,9.760293,1,16
n,4,104.007999,1,10
n,0,10.000993,1,-2
n,5,3.5,1,3
n,5,2.23019,-2,1
n,1,4.0,-3,-2
n,1,21.530813,1,-3
n,0,9.99836,-2,1
n,5,5.185664,1,-2
n,2,9.007703,1,-2
n,2,8.716689,-2,-2
n,0,11.004917,1,-2
n,1,5.054285,1,3
n,5,5.124903,-3,1
n,0,10.206953,-3,-2
n,1,20.472457,-2,-3
n,5,9.938845,1,53
n,0,10.998527,1,33
n,1,11.198378,1,-2
n,2,15.978293,1,30
n,4,103.942982,1,4
n,2,13.309605,1,-3
n,1,0.640584,-3,1
n,5,2.835861,-3,-2
n,1,8.267636,1,24
n,2,10.208005,1,10
n,0,10.197737,1,8
n,1,1.098577,1,2
n,5,3.51921,-3,-2
n,1,5.5,1,-2
n,5,3.990373,-3,1
n,4,104.003975,1,-3
n,1,3.249831,1,-3
n,0,9.622697,-3,-2
n,4,104.943272,-2,-3
n,2,12.769446,1,8
n,5,9.709761,1,6
n,5,8.976866,1,3
n,0,10.617687,-3,1
n,0,10.633737,-2,-3
n,0,9.238808,1,-3
n,1,4.931048,-2,-3
n,1,4.208417,-2,-3
n,5,9.04922,1,-2
n,1,2.636534,1,2
n,5,2.625681,-4,-3
n,2,12.941544,1,-3
n,2,12.904363,-3,-2
n,4,104.082661,-3,-4
n,0,10.231068,-4,-3
n,2,12.958645,1,12
n,4,104.983936,1,5
n,1,1.973853,-3,1
n,5,5.986058,-2,1
n,1,3.5,1,-2
n,0,11.485755,-2,-2
n,5,5.033888,1,4
n,2,10.118749,1,-3
n,1,1.146038,-3,1
n,5,3.26877,-3,-2
n,5,8.902932,-2,1
n,2,10.663249,-2,-2
n,4,104.964069,1,-4
n,1,12.5,1,5
n,4,104.815128,1,3
n,4,102.598717,1,-3
n,0,11.24129,-3,-2
n,2,15.090009,-3,-4
n,5,7.0,-3,-2
n,5,10.999607,1,-2
n,0,8.957184,-2,1
n,0,10.017634,1,-2
n,4,103.882252,-2,1
n,1,4.77144,1,-3
n,1,4.474048,-3,-2
n,4,103.976978,1,31
n,2,21.169735,1,23
n,0,10.992362,1,10
n,1,17.3018,1,-2
n,4,102.030376,1,7
n,2,17.128396,1,2
n,4,100.950836,-2,-3
n,4,99.464573,1,2
n,2,19.574123,-2,-3
n,2,17.607266,1,-3
n,5,3.643395,-2,-3
n,1,3.104009,-4,-3
n,4,100.077866,1,8
n,2,18.722563,1,4
n,2,18.023073,-2,1
n,0,11.024825,1,-2
n,2,18.430357,-3,-2
n,1,3.587385,1,-2
n,2,18.820385,1,-3
n,0,11.390118,-3,-2
n,5,5.715371,1,-2
n,0,10.996293,-4,1
n,2,20.869081,-3,1
n,1,0.50597,-3,-4
n,4,100.011612,1,5
n,2,25.803808,1,2
n,5,3.1765,-4,-3
n,5,4.918896,-4,1
n,4,99.011501,-3,-4
n,0,11.099291,-4,1
n,0,11.374866,-3,-4
n,1,0.995956,-3,1
n,5,5.157168,1,-3
n,1,5.765688,-4,1
n,2,17.042536,1,-4
n,0,11.333758,-3,-4
n,0,14.998317,1,130
n,2,8.011912,1,20
n,4,104.017193,1,12
n,0,12.5,1,-1
n,4,102.992054,-1,1
n,1,5.5,1,8
n,5,2.866687,1,3
n,1,4.0,-2,1
n,2,7.5,-2,-1
n,1,2.5,-1,1
n,5,4.396831,1,-2
n,2,7.5,1,-1
n,5,3.5,-1,-2
n,5,3.5,-2,-1
n,0,13.793688,1,4
n,1,3.034492,-1,1
n,1,7.0,-2,1
n,5,6.5,-1,-2
n,2,7.5,-1,1
n,5,5.5,-1,1
n,1,7.0,-2,-1
n,2,25.751183,1,-4
n,2,13.041037,1,52
n,4,102.025536,1,22
n,2,11.137917,1,7
n,1,0.5,1,3
n,4,101.0,-1,1
n,5,8.0,-2,-1
n,5,2.5,1,-1
n,2,10.5,-1,1
n,4,101.0,-1,-2
n,0,12.960034,1,8
n,4,100.05769,1,3
n,1,3.5,-2,1
n,5,3.5,-2,-1
n,0,12.028844,1,-2
n,5,5.5,1,-2
n,5,4.0,-2,1
n,2,12.5,-1,-1
n,1,0.5,-2,1
n,5,2.5,1,2
n,1,4.0,-1,-2
n,1,16.5,-1,1
n,0,13.5,1,-1
n,1,26.0,-2,-1
n,5,2.015845,1,2
n,5,1.080825,-2,-1
n,4,104.002079,1,23
n,2,9.051574,1,14
n,0,12.988339,-2,1
n,1,1.5,-2,1
n,1,19.5,1,10
n,1,7.5,1,-1
n,5,5.5,1,-1
n,1,4.5,-1,1
n,5,3.5,-2,1
n,1,5.9425,1,2
n,1,5.4425,-1,-2
n,0,13.5,1,-1
n,1,6.5,1,-1
n,5,4.5,-1,-1
n,5,5.0,-1,-2
n,1,23.0,1,7
n,5,9.896451,1,5
n,0,13.9884,-2,1
n,1,12.0,1,-1
n,2,10.048274,1,-2
n,1,5.0,-1,-2
n,2,11.251822,-1,-2
n,5,7.5,-1,-2
n,1,2.011225,1,-2
n,0,12.057494,-3,1
n,2,11.469753,-2,1
n,5,4.677544,-3,-2
n,1,0.005694,1,8
n,0,12.183181,1,3
n,2,19.060933,1,-3
n,4,102.0,-2,-3
n,4,102.592453,1,3
n,5,3.117211,1,-2
n,4,101.0,-1,-2
n,2,15.278112,-2,-3
n,4,104.182716,1,45
n,5,2.014463,1,6
n,4,102.253975,1,-3
n,0,13.988745,1,3
n,1,4.0,-2,1
n,0,12.5,-3,-2
n,4,101.0,-1,-2
n,0,12.998599,1,7
n,4,103.918213,1,4
n,2,14.010915,1,-2
n,1,11.0,-2,1
n,1,15.822794,-1,-2
n,1,2.107539,-3,1
n,1,5.5,-2,-3
n,2,16.097674,1,22
n,4,100.694984,1,9
n,5,2.98101,-2,1
n,1,15.5,1,-2
n,0,13.5,1,-1
n,5,5.5,1,-1
n,1,6.0,1,-1
n,1,4.0,1,2
n,2,15.0,-1,-1
n,2,15.0,-1,-2
n,2,16.043872,1,-3
n,1,9.923616,1,7
n,1,0.435903,1,2
n,1,0.418502,-2,-3
n,5,6.890881,-2,1
n,4,102.103737,1,-2
n,5,10.151954,1,-2
n,2,15.5,-1,-2
n,1,10.096187,-1,1
n,5,11.657054,1,-1
n,2,15.915743,-2,1
n,4,102.685894,-1,-2
n,1,0.029816,-3,1
n,4,103.493328,1,7
n,2,18.005887,1,-2
n,4,100.040775,1,-2
n,1,1.5,-2,1
n,5,5.884492,1,-1
n,0,13.884492,-2,1
n,1,4.0,-1,-2
n,5,2.935104,-3,-2
n,2,14.43843,1,2
n,0,12.535176,-3,-2
n,1,7.136139,-3,-4
n,4,102.108273,1,14
n,2,19.5,1,9
n,5,10.5,1,7
n,2,16.5,1,5
n,1,4.5,1,-1
n,2,12.5,-1,1
n,1,3.5,-1,1
n,0,16.0,-2,-1
n,4,101.0,-1,-2
n,2,14.5,-1,-2
n,2,26.0,1,3
n,0,15.917792,-2,1
n,2,21.5,-1,-2
n,1,6.845435,-4,-3
n,2,17.02023,1,-3
n,2,10.035666,1,9
n,4,104.257935,1,4
n,5,2.5,1,-1
n,0,15.5,1,-1
n,2,9.5,-1,-2
n,0,15.5,1,-1
n,1,6.742065,1,2
n,5,5.5,-2,-1
n,2,8.5,-1,-2
n,1,7.797994,1,11
n,2,16.5,1,9
n,2,11.139207,1,5
n,5,7.5,1,-1
n,2,10.973927,-2,1
n,1,6.5,1,-2
n,5,2.5,-2,-1
n,0,15.901775,-2,1
n,1,4.5,-1,1
n,5,2.5,-2,-1
n,1,5.054137,-3,-2
n,5,2.666384,1,3
n,0,15.952978,-2,1
n,4,104.5,-1,-2
n,2,15.0,-1,-2
n,0,12.083467,1,82
n,4,108.57291,1,46
n,2,11.015196,1,34
n,0,10.00016,1,4
n,2,8.046285,1,2
n,4,107.357693,-3,-4
n,5,7.5,-4,-3
n,0,11.998013,1,12
n,2,7.97636,1,2
n,5,4.965133,-3,-4
n,5,3.009345,1,2
n,1,5.961502,-3,-2
n,1,1.000486,1,2
n,4,107.091389,-3,-4
n,0,11.801728,1,3
n,4,105.146248,1,-3
n,0,11.034738,-3,-2
n,4,106.928276,1,-3
n,5,9.357018,-2,-3
n,2,9.099864,1,9
n,1,7.609744,1,6
n,5,2.576955,-3,1
n,2,8.962581,-2,1
n,5,3.799226,-2,1
n,5,4.006035,1,-2
n,1,4.5,-2,-3
n,5,8.77458,-3,1
n,5,9.003693,-2,-3
n,1,2.958581,-3,1
n,1,4.828423,-2,1
n,1,11.037894,1,5
n,5,3.094824,1,-3
n,4,107.149433,1,-3
n,2,9.807873,-2,1
n,5,2.961338,-2,-2
n,4,107.145916,-2,-3
n,5,8.776922,1,10
n,1,19.861451,1,-3
n,0,11.020535,1,5
n,0,10.999637,-4,1
n,2,11.372317,-3,1
n,2,12.783658,1,-4
n,5,4.607561,-3,-4
n,2,13.577957,1,-4
n,1,7.083822,-3,1
n,4,106.923279,-2,-4
n,1,3.085912,-4,-3
n,2,7.893854,1,9
n,4,110.240307,1,7
n,0,10.984808,-4,1
n,1,1.825569,1,2
n,0,11.26208,-4,-3
n,1,2.004605,1,-3
n,0,11.200337,1,-3
n,4,109.443851,-3,-4
n,5,9.157307,-4,-3
n,5,8.971248,1,18
n,0,11.988873,1,10
n,2,8.001465,1,3
n,0,11.093792,-4,1
n,4,109.496902,-3,-4
n,5,8.602823,1,5
n,5,8.128995,1,3
n,2,8.482838,1,-4
n,2,8.475644,-4,-3
n,0,11.426993,-4,-3
n,2,9.985624,-4,-3
n,4,109.094616,1,-4
n,2,10.957031,-3,1
n,1,6.18121,1,-4
n,1,5.30885,1,3
n,2,11.254142,1,-4
n,5,4.5,-3,-4
n,5,5.421442,-3,-4
n,1,5.009062,1,-3
n,1,3.977035,1,2
n,5,9.924816,-4,-3
n,2,9.460417,1,-4
n,2,8.41018,-4,1
n,4,109.578209,1,-4
n,5,9.959266,1,-3
n,5,9.741445,-3,-4
n,4,107.018867,1,33
n,2,11.443992,1,18
n,1,0.998713,1,2
n,2,10.044045,-2,-3
n,1,1.048957,1,2
n,2,9.69933,-2,-3
n,0,15.963337,1,11
n,5,2.011518,1,4
n,2,11.095548,1,-3
n,1,6.5,1,-2
n,2,9.5,-2,-2
n,0,14.993468,-2,1
n,5,7.880491,1,4
n,1,6.940634,-2,1
n,5,4.495336,-2,1
n,2,9.647908,-2,-1
n,1,6.0,-1,-2
n,5,3.5,-2,1
n,5,5.5,-1,-2
n,0,13.185019,1,3
n,1,13.409636,1,-4
n,5,7.703387,-3,-2
n,2,14.189082,1,-3
n,1,1.90104,-3,1
n,5,2.077458,1,4
n,0,14.805288,-2,1
n,2,12.082606,1,-3
n,2,11.9531,-3,-2
n,0,13.55499,1,2
n,1,5.932266,-3,-2
n,1,4.094325,1,-2
n,5,6.5,-2,1
n,4,106.392757,-2,-3
n,4,112.972775,1,85
n,2,11.090812,1,62
n,4,110.912987,1,50
n,2,9.038522,1,28
n,0,12.907274,1,3
n,4,108.858833,1,-3
n,1,13.724925,-2,-3
n,1,4.995823,1,13
n,2,8.984338,1,10
n,5,6.047137,1,-2
n,2,8.037188,1,4
n,0,13.066335,1,-2
n,1,4.015643,-2,1
n,5,4.006589,-2,-3
n,5,5.601194,1,-3
n,2,8.382726,-3,1
n,1,4.318472,1,-2
n,2,8.899807,-3,-2
n,5,6.99237,1,-2
n,2,9.026031,-3,-2
n,5,5.076741,1,8
n,1,13.697194,1,-3
n,0,13.001649,1,-2
n,1,5.065391,1,-2
n,4,108.84396,-2,1
n,5,4.0,1,2
n,2,8.5,-2,-3
n,2,8.5,-3,-2
n,5,6.395537,1,-2
n,0,14.000895,1,-2
n,2,8.044461,-2,-3
n,4,108.627243,1,8
n,0,13.148101,1,6
n,1,20.204793,1,-2
n,4,108.536949,1,3
n,1,11.217198,-3,1
n,0,12.27599,-2,-3
n,0,12.902239,-3,-2
n,5,2.5,-3,-2
n,5,9.917322,1,12
n,0,12.121433,1,2
n,1,9.082752,-3,-4
n,0,14.349494,1,8
n,4,109.849064,1,6
n,0,13.979879,-3,1
n,2,10.077528,1,-3
n,2,9.973576,-3,1
n,1,6.0,1,-2
n,5,4.0,-2,-3
n,0,12.720572,-4,-3
n,1,7.0,-3,-2
n,5,10.320167,-2,-3
n,2,9.872634,1,9
n,0,12.741338,1,2
n,5,9.235614,-4,-3
n,1,10.318842,1,5
n,5,11.927146,1,3
n,1,3.01541,1,-3
n,2,7.028958,-2,-3
n,0,13.661689,-3,-2
n,4,111.692596,-3,-4
n,5,5.495291,-4,1
n,0,12.959848,-4,-3
n,4,110.551514,1,18
n,0,12.976441,1,4
n,2,12.009506,1,-4
n,1,5.966191,-4,1
n,2,11.987557,-4,-3
n,1,2.582593,-4,1
n,2,14.594745,1,10
n,4,110.067055,1,8
n,0,13.004248,1,-3
n,1,5.868613,1,3
n,1,5.344647,-3,1
n,5,4.723903,-3,-4
n,1,6.046726,1,-3
n,5,4.945311,-3,1
n,2,12.126988,-3,-3
n,1,9.836508,-3,-4
n,0,13.5,1,-3
n,4,108.076004,-3,-4
n,0,13.986911,1,3
n,0,13.798129,-4,1
n,4,110.888454,-3,-4
n,1,6.589096,-4,-3
n,0,13.994417,-4,1
n,2,8.5,1,-4
n,2,7.000186,1,-3
n,1,3.5,-3,-4
n,0,15.000242,1,233
n,4,88.748661,1,120
n,2,69.437061,1,36
n,1,60.558691,1,-2
n,5,11.87609,1,29
n,5,5.5146,1,14
n,2,64.593616,1,3
n,1,26.228185,-3,1
n,4,87.99651,-2,-3
n,5,4.337109,1,7
n,5,3.710111,1,3
n,2,69.177711,-3,1
n,5,3.080178,-3,-4
n,1,46.376617,1,-3
n,3,0.02243,1,-4
n,1,34.421945,-3,-2
n,2,66.508335,1,-4
n,5,4.974668,-3,1
n,3,0.022829,-2,-3
n,4,86.334892,1,4
n,5,8.486991,1,2
n,2,62.23658,-2,-3
n,2,68.216946,-2,-3
n,0,14.985437,1,8
n,2,68.531624,1,5
n,4,86.596363,1,-3
n,5,9.74319,1,-2
n,5,6.107494,-2,1
n,4,86.588627,-3,-2
n,4,87.458725,-3,1
n,3,0.211541,-4,-3
n,2,64.226376,-2,1
n,1,39.0,-2,-3
n,5,13.043016,1,2
n,1,53.122847,-2,-3
n,5,14.05026,1,-2
n,5,13.141406,1,-3
n,4,87.106255,-2,-3
n,0,11.021131,1,7
n,4,86.99683,-3,1
n,2,76.125893,1,3
n,4,88.354179,-3,1
n,1,17.979671,-4,-3
n,0,10.805528,-3,1
n,1,41.5,-4,-3
n,2,75.038471,1,46
n,4,86.997028,1,14
n,3,0.000176,1,2
n,1,30.500002,-4,-3
n,5,11.738015,1,9
n,1,78.691978,1,-2
n,1,33.403023,1,5
n,2,73.326504,1,3
n,3,0.030184,-3,1
n,0,12.378346,-3,-4
n,5,7.536483,-4,-3
n,1,67.810097,-3,1
n,4,86.105114,-2,-3
n,3,0.016853,1,-3
n,4,86.056938,-3,-2
n,0,14.006034,1,21
n,0,12.003641,1,7
n,1,31.658751,1,2
n,5,5.957954,-4,-3
n,3,0.046987,1,3
n,4,88.156799,-3,1
n,4,88.205116,-4,-3
n,2,72.384769,-3,-4
n,5,13.795238,1,12
n,1,18.007622,-3,1
n,5,5.006185,1,3
n,1,52.28997,-4,1
n,1,64.0,-3,-4
n,3,0.385,1,6
n,0,12.447153,1,3
n,5,7.535608,-4,1
n,2,74.078346,-4,-3
n,0,12.997571,1,-4
n,0,12.969808,-4,-3
n,2,73.5,-3,-4
n,2,73.061714,-4,-3
n,4,87.655697,1,5
n,1,31.5,1,2
n,4,87.115017,-3,-4
n,5,12.5,-3,1
n,4,87.031261,-2,-3
n,1,60.499571,1,-3
n,0,14.924739,1,-3
n,5,13.506401,1,-3
n,4,87.862949,1,-4
n,3,0.104507,-4,-3
n,4,86.732784,1,19
n,0,14.241865,1,17
n,1,52.872837,1,7
n,0,11.239875,-3,1
n,1,18.855322,-3,1
n,5,9.794498,1,3
n,4,86.661266,-4,1
n,4,86.666725,-3,-4
n,1,41.663212,-3,-4
n,2,76.998459,1,5
n,5,8.211406,1,-4
n,4,86.550297,-3,1
n,2,75.738373,-3,1
n,1,57.062893,-3,-4
n,5,11.055873,1,-3
n,1,53.235935,-3,1
n,0,13.621801,-4,1
n,3,0.177057,-4,-3
n,1,27.282079,-4,-3
n,2,75.998379,1,8
n,0,14.075632,1,-3
n,1,67.671825,1,-3
n,2,75.992359,1,-3
n,0,13.902557,1,3
n,5,9.475752,-4,1
n,4,87.666962,-3,-4
n,1,50.539185,-4,-3
n,2,82.998852,1,-3
n,2,82.860832,-4,1
n,1,54.033913,-4,-3
n,2,63.993513,1,22
n,4,89.731106,1,16
n,0,14.00156,1,9
n,2,60.705523,1,4
n,1,41.0,-3,1
n,1,47.823196,-4,1
n,0,12.914698,-4,-3
n,1,53.193592,1,3
n,3,0.000305,1,-4
n,5,7.529866,-4,-3
n,0,13.48259,-4,-3
n,5,5.25126,1,3
n,1,55.465338,1,-3
n,3,0.010456,-3,-4
n,1,56.415319,-3,1
n,0,14.736739,1,-2
n,2,60.359392,-2,-3
n,1,58.015757,1,3
n,4,89.934273,1,-4
n,3,0.060999,-4,-3
n,3,0.043902,-3,1
n,3,0.121847,-4,-3
n,0,11.0381,1,10
n,2,69.610229,1,2
n,4,90.0,-3,-4
n,1,42.997126,1,6
n,4,88.968372,1,2
n,1,18.001847,-4,-3
n,0,10.091032,-3,1
n,5,8.837964,-4,1
n,2,74.40897,-3,-4
n,2,72.0,-4,-3
n,0,14.99092,1,53
n,4,88.967598,1,9
n,2,68.141411,1,3
n,0,13.118731,1,-3
n,0,12.5,-3,-4
n,0,12.013186,1,3
n,5,7.469619,1,-3
n,1,46.048351,-4,-3
n,0,14.903329,-4,1
n,5,7.438931,-3,-4
n,2,68.000984,1,39
n,5,8.990434,1,30
n,0,11.926543,1,3
n,4,89.444782,1,-4
n,1,13.851634,-4,-3
n,4,89.000198,1,-4
n,1,49.022612,1,-4
n,1,47.103128,1,19
n,0,13.777836,1,7
n,3,0.086564,1,5
n,0,13.477496,1,3
n,0,12.125445,1,-4
n,0,12.122743,-4,-3
n,0,13.497468,-3,-4
n,3,0.093451,-3,-4
n,3,0.005934,1,-4
n,2,65.240341,-4,1
n,0,14.33713,1,-3
n,0,13.787356,-3,1
n,2,65.843685,-4,1
n,1,23.894917,-4,1
n,2,66.927155,1,-4
n,2,66.287449,1,-3
n,0,13.870351,-4,1
n,0,13.935393,-3,1
n,0,14.127841,-4,-3
n,2,67.959557,1,4
n,1,47.223703,-3,1
n,2,67.595963,-4,1
n,3,0.170125,-4,-3
n,5,3.5,-4,-3
n,3,0.000526,1,3
n,1,45.5,1,-3
n,5,9.920783,-4,-3
n,4,89.00975,1,-4
n,5,9.182128,1,2
n,1,47.245768,-3,-4
n,3,0.010681,1,-4
n,3,0.009799,-4,-3
n,2,69.206013,1,-4
n,2,69.199669,1,-3
n,3,0.184936,-4,1
n,3,0.22587,-3,-4
n,2,67.987701,1,15
n,4,89.00111,1,-4
n,1,31.491203,1,3
n,5,7.939568,1,-3
n,5,2.5,-3,-4
n,2,66.000523,1,8
n,5,4.874893,1,2
n,1,50.46195,-4,-3
n,5,5.004249,1,-3
n,3,0.584353,1,-3
n,3,0.18,-3,1
n,3,0.38,-4,1
n,1,53.5,-3,-4
n,1,56.826694,1,-3
n,4,88.995678,-3,-4
n,5,5.022826,1,4
n,3,0.415,1,-4
n,3,0.181416,-4,1
n,4,89.442287,-3,-4
n,1,68.322136,1,7
n,3,0.0905,1,-4
n,3,0.089899,1,4
n,1,50.996176,-4,1
n,5,8.5,1,-4
n,2,69.0,-4,-3
n,2,69.5,-3,-4
n,1,71.5,-3,-4
n,4,90.106674,1,141
n,4,88.933609,1,64
n,0,16.987936,1,37
n,2,69.950298,1,12
n,4,87.306152,1,5
n,2,67.957363,-2,1
n,3,0.001921,1,2
n,4,86.432213,-2,-3
n,4,87.114586,-2,-3
n,2,65.078354,1,2
n,5,12.238383,-2,-3
n,5,5.55381,1,2
n,0,15.939847,-3,-2
n,1,64.023348,-3,1
n,1,74.332169,-2,-3
n,2,72.301403,1,12
n,1,61.980774,1,9
n,0,16.170015,1,7
n,4,86.041149,-2,1
n,1,23.811783,-4,1
n,3,1.935,1,-2
n,4,86.955444,1,-3
n,0,15.952657,1,-2
n,1,44.95422,-3,-2
n,4,87.251945,-2,-3
n,4,87.871437,-2,1
n,0,16.167725,-3,-2
n,0,15.947859,1,6
n,2,77.617344,1,4
n,1,16.408445,-4,1
n,2,77.05846,-3,1
n,2,77.160789,-4,-3
n,4,86.864517,-3,-4
n,4,86.84016,1,-3
n,2,73.941742,-2,1
n,5,11.938425,1,3
n,4,86.03598,1,-3
n,0,16.046685,-3,-2
n,1,54.75292,-2,-3
n,2,75.097744,1,16
n,4,87.016102,1,8
n,1,4.0,-1,1
n,0,17.000491,1,-2
n,2,73.82238,-2,1
n,5,5.655213,-3,1
n,1,33.0,-3,1
n,3,0.111388,1,-2
n,3,0.078448,-2,-3
n,2,71.963295,1,3
n,2,71.020802,-2,1
n,2,71.150032,-3,-2
n,5,7.397218,1,2
n,0,18.576101,-3,-2
n,1,70.348816,1,-3
n,1,40.690018,-3,-2
n,0,18.004046,1,8
n,4,86.971451,1,3
n,2,77.063469,-2,1
n,4,86.956116,-3,-2
n,0,17.998829,-3,1
n,5,8.914823,-3,1
n,5,9.232697,1,-3
n,3,0.02,-2,-3
n,1,14.309421,1,-2
n,5,7.586298,-3,-2
n,0,15.982189,1,19
n,2,67.807148,1,10
n,1,71.796535,1,-2
n,1,54.615023,1,5
n,4,89.801193,1,3
n,4,89.094574,-3,1
n,4,89.2085,-4,-3
n,5,4.896601,-4,-3
n,3,0.076812,-2,1
n,1,56.246086,-4,1
n,4,88.987408,-2,-3
n,1,50.579979,1,5
n,2,69.916775,1,-4
n,3,0.026834,1,-3
n,0,15.586117,-4,1
n,3,0.00959,-3,-4
n,4,89.037994,1,2
n,2,75.897457,-3,-4
n,3,0.042853,-3,-4
n,0,18.015791,1,-2
n,2,64.588909,1,9
n,0,16.704922,1,7
n,1,55.334204,1,-2
n,5,5.835743,1,2
n,2,64.50386,-3,-2
n,2,63.005066,1,2
n,3,0.285,-2,-3
n,5,5.919386,-2,-3
n,4,89.845558,-2,-3
n,0,17.959153,1,36
n,2,76.986534,1,34
n,2,68.002155,1,13
n,0,16.995763,1,7
n,5,9.837092,1,5
n,3,0.66,1,3
n,2,65.046425,1,-3
n,2,65.033886,-3,-2
n,2,65.5,-2,-3
n,1,65.491291,-3,-2
n,5,5.151865,1,2
n,3,0.25,-2,-3
n,3,0.027866,1,2
n,1,30.769557,-2,-3
n,1,59.0,-3,-2
n,4,89.019379,1,17
n,1,77.973381,1,15
n,5,10.91518,1,11
n,0,16.001078,1,7
n,1,11.304161,-4,1
n,1,25.64336,1,3
n,3,0.020571,1,-3
n,2,72.0,-4,-3
n,1,47.5,-3,1
n,1,49.363781,-4,-3
n,2,69.543415,1,-3
n,0,17.054126,-3,1
n,1,48.513943,-2,-3
n,5,11.014805,1,2
n,2,71.5,-2,-3
n,1,35.707899,-4,-3
n,3,0.363782,-3,-2
n,2,69.8479,1,-4
n,0,16.039508,1,-3
n,3,0.048291,-3,-4
n,1,62.489067,-4,-3
n,2,68.711475,1,2
n,1,18.0,-3,-2
n,4,88.972443,1,2
n,1,40.97439,-3,-2
n,2,71.10075,1,4
n,5,5.032815,-2,1
n,2,69.797031,1,-3
n,2,69.58329,-3,-2
n,5,10.0,1,-2
n,3,0.119656,-3,1
n,3,0.126979,-2,-3
n,0,16.402249,1,21
n,4,90.954716,1,10
n,2,66.814919,1,-4
n,0,15.93129,1,6
n,2,62.081369,-3,1
n,1,56.813122,1,-3
n,5,10.772988,1,-3
n,0,15.377658,1,-4
n,2,63.492771,-3,-4
n,2,59.691322,1,-3
n,2,59.589064,-3,-2
n,3,0.385388,1,8
n,5,3.330293,1,2
n,0,15.835494,-4,-3
n,3,0.180702,1,3
n,5,11.168584,-4,1
n,2,67.249664,-3,-4
n,2,65.766636,1,-4
n,5,5.785784,-4,-3
n,0,15.993391,-4,1
n,5,3.296723,-4,-3
n,2,68.763672,1,-4
n,1,55.099667,1,5
n,2,67.83881,-3,1
n,4,90.980415,-3,1
n,3,0.03,1,-3
n,1,31.201719,-3,-4
n,5,8.683366,-4,-3