Cloud,Humidity,Precip,Temp,Wind,Wbgt,class
64,72,0.0,62,6,59,0
76,75,0.0,59,2,57,0
67,75,0.0,59,3,57,0
73,78,0.0,59,4,56,0
60,72,0.0,60,3,58,0
55,70,0.0,62,3,59,0
71,78,0.0,62,7,60,0
19,81,0.0,59,5,58,0
67,72,0.0,62,5,59,0
68,73,0.0,69,11,66,0
75,79,0.0,71,12,67,0
87,75,0.0,64,5,62,0
89,78,0.0,64,5,62,0
91,75,0.0,66,6,63,0
93,90,0.0,62,3,61,0
100,90,0.03,60,2,59,0
74,87,0.0,62,7,61,0
91,84,0.0,64,5,62,0
96,100,0.0,62,2,61,0
88,97,0.02,62,6,62,0
99,100,0.07,57,4,56,0
85,93,0.02,62,6,61,0
81,90,0.0,64,6,62,0
54,75,0.0,59,9,57,0
98,97,0.0,60,2,60,0
91,75,0.0,66,5,63,0
90,75,0.0,66,5,63,0
83,73,0.0,71,8,67,0
84,76,0.0,68,6,66,0
74,81,0.0,68,8,66,0
77,81,0.0,68,5,66,0
92,81,0.0,66,3,64,0
74,81,0.0,68,8,66,0
92,93,0.0,64,3,64,0
90,87,0.0,66,5,64,0
94,97,0.0,62,1,62,0
93,100,0.0,62,2,61,0
66,67,0.0,62,10,58,0
60,84,0.0,59,6,58,0
51,83,0.0,57,4,55,0
3,41,0.0,62,4,56,0
9,41,0.0,62,2,55,0
36,69,0.0,57,4,55,0
13,71,0.0,53,1,51,0
1,38,0.0,62,17,54,0
1,39,0.0,60,16,54,0
2,41,0.0,60,6,54,0
63,81,0.0,71,7,69,0
91,84,0.0,68,2,66,0
92,97,0.0,64,2,63,0
92,97,0.01,62,2,62,0
69,87,0.0,69,4,68,0
71,84,0.0,69,3,68,0
86,90,0.0,68,3,66,0
60,87,0.0,68,4,66,0
65,81,0.0,73,7,70,0
69,82,0.0,73,7,71,0
62,84,0.0,71,6,69,0
68,87,0.0,71,2,70,0
72,93,0.0,69,4,69,0
77,82,0.0,73,4,71,0
80,84,0.0,73,5,72,0
67,84,0.0,73,3,71,0
61,81,0.0,71,7,70,0
59,81,0.0,73,8,70,0
68,87,0.0,71,6,69,0
62,90,0.0,71,2,70,0
26,84,0.0,75,5,73,0
46,84,0.0,73,2,71,0
62,87,0.0,73,4,71,0
66,87,0.0,73,7,72,0
8,82,0.0,75,3,74,0
8,77,0.0,78,6,76,0
6,79,0.0,75,3,72,0
5,76,0.0,77,5,74,0
7,87,0.0,71,4,69,0
13,79,0.0,75,4,73,0
5,69,0.0,77,5,74,0
0,72,0.0,80,6,77,1
49,81,0.0,71,5,70,0
25,65,0.0,84,8,79,1
46,70,0.0,84,7,81,1
17,70,0.0,87,2,85,3
52,80,0.01,84,4,83,2
46,77,0.02,84,3,82,2
44,77,0.01,84,2,83,2
25,66,0.0,89,4,84,2
36,82,0.01,86,3,84,2
52,80,0.06,84,5,82,2
44,80,0.04,86,3,85,3
47,80,0.0,84,2,83,2
47,77,0.01,84,2,82,2
48,82,0.0,84,2,83,2
17,75,0.0,86,3,84,2
27,75,0.0,86,4,84,2
46,75,0.01,86,3,83,2
35,77,0.0,86,3,84,2
26,72,0.01,87,2,85,3
36,82,0.01,86,3,85,3
27,80,0.01,84,2,83,2
45,74,0.01,84,3,81,1
24,66,0.0,89,4,85,3
24,68,0.0,89,4,85,3
1,67,0.0,84,5,81,1
2,74,0.0,82,6,80,1
3,63,0.0,84,4,81,1
41,77,0.01,84,3,83,2
26,75,0.06,86,3,83,2
22,72,0.01,86,4,84,2
30,77,0.01,86,2,85,3
23,75,0.01,86,4,83,2
23,68,0.0,89,4,85,3
55,80,0.0,84,4,83,2
53,70,0.0,86,8,82,2
14,65,0.0,87,2,84,2
9,32,0.0,77,4,66,0
3,50,0.0,84,3,78,1
2,46,0.0,86,7,78,1
7,53,0.0,84,7,79,1
10,55,0.0,86,6,81,1
3,41,0.0,80,2,72,0
1,59,0.0,86,8,80,1
76,77,0.5,82,12,79,1
2,61,0.0,86,8,81,1
4,61,0.0,86,10,81,1
3,52,0.0,87,8,81,1
0,40,0.0,75,14,66,0
1,63,0.0,84,6,79,1
4,70,0.0,82,8,80,1
4,52,0.0,77,6,71,0
4,52,0.0,77,6,71,0
2,74,0.0,80,8,79,1
3,65,0.0,84,5,80,1
4,67,0.0,82,7,79,1
2,65,0.0,82,5,79,1
12,59,0.0,82,5,78,1
7,60,0.0,80,4,76,0
4,12,0.0,100,9,82,2
3,13,0.0,95,10,78,1
8,22,0.0,75,10,64,0
5,18,0.0,102,8,84,2
2,14,0.0,93,10,75,0
10,18,0.0,84,10,71,0
2,21,0.0,86,12,73,0
3,20,0.0,84,13,72,0
1,9,0.0,96,2,77,1
3,12,0.0,100,6,81,1
1,13,0.0,98,6,80,1
2,16,0.0,80,3,68,0
4,14,0.0,96,7,79,1
3,13,0.0,98,7,79,1
2,13,0.0,98,12,79,1
2,10,0.0,102,11,82,2
5,15,0.0,93,12,75,0
3,10,0.0,100,8,80,1
4,13,0.0,100,13,80,1
3,12,0.0,100,6,81,1
4,13,0.0,100,9,81,1
4,13,0.0,100,8,81,1
6,14,0.0,100,8,82,2
4,14,0.0,98,7,81,1
6,13,0.0,98,8,80,1
7,14,0.0,98,10,79,1
10,16,0.0,89,12,72,0
6,18,0.0,91,11,75,0
7,15,0.0,87,12,71,0
2,11,0.0,93,12,74,0
1,21,0.0,93,7,78,1
3,27,0.0,77,6,67,0
4,26,0.0,78,9,67,0
1,28,0.0,73,5,64,0
1,32,0.0,68,6,59,0
1,37,0.0,75,7,66,0
2,23,0.0,73,2,62,0
1,25,0.0,77,9,65,0
5,30,0.0,73,7,63,0
6,28,0.0,78,4,68,0
3,30,0.0,75,5,66,0
2,29,0.0,71,4,62,0
2,26,0.0,71,7,61,0
1,13,0.0,78,6,64,0
1,16,0.0,75,4,62,0
1,16,0.0,75,4,62,0
1,19,0.0,73,8,61,0
1,21,0.0,77,4,65,0
1,18,0.0,77,3,64,0
3,22,0.0,73,2,61,0
1,15,0.0,77,3,62,0
3,17,0.0,84,2,69,0
2,19,0.0,77,1,64,0
1,16,0.0,75,2,62,0
1,15,0.0,75,3,62,0
2,23,0.0,71,3,60,0
2,16,0.0,75,2,61,0
5,9,0.0,78,19,62,0
2,12,0.0,73,19,57,0
2,19,0.0,71,12,59,0
2,19,0.0,68,8,56,0
1,27,0.0,64,2,55,0
2,23,0.0,66,4,55,0
2,21,0.0,68,9,57,0
2,26,0.0,60,10,52,0
3,9,0.0,95,3,76,0
3,7,0.0,91,2,72,0
2,18,0.0,80,6,67,0
3,18,0.0,80,4,66,0
1,10,0.0,95,2,77,1
2,18,0.0,78,5,65,0
3,11,0.0,82,3,67,0
1,8,0.0,91,5,72,0
3,11,0.0,87,2,70,0
1,15,0.0,93,7,76,0
3,13,0.0,91,7,73,0
3,10,0.0,95,2,77,1
0,17,0.0,73,4,61,0
2,18,0.0,80,6,67,0
18,84,0.0,68,5,68,0
2,27,0.0,100,5,86,3
2,25,0.0,86,5,75,0
6,29,0.0,98,5,84,2
18,84,0.0,68,5,68,0
11,18,0.0,100,5,84,2
3,31,0.0,87,6,76,0
2,38,0.0,87,5,78,1
8,37,0.0,77,2,69,0
16,84,0.0,66,1,67,0
4,14,0.0,91,3,75,0
3,13,0.0,93,2,75,0
2,22,0.0,77,3,66,0
8,37,0.0,77,2,69,0
1,11,0.0,95,1,77,1
10,12,0.0,93,5,75,0
10,14,0.0,91,7,74,0
3,12,0.0,96,5,78,1
10,38,0.0,82,2,74,0
1,24,0.0,93,2,79,1
2,19,0.0,86,3,71,0
1,28,0.0,87,1,75,0
10,34,0.0,82,4,73,0
4,34,0.0,89,1,79,1
1,23,0.0,89,3,76,0
1,26,0.0,87,2,75,0
0,26,0.0,89,2,77,1
0,26,0.0,87,5,75,0
4,44,0.0,82,2,74,0
0,24,0.0,86,3,74,0
0,22,0.0,84,1,72,0
0,23,0.0,86,4,73,0
8,37,0.0,77,2,69,0
1,22,0.0,86,2,73,0
1,21,0.0,87,5,74,0
1,18,0.0,87,5,73,0
4,20,0.0,84,2,71,0
6,25,0.0,100,5,85,3
1,14,0.0,91,1,74,0
0,21,0.0,95,5,79,1
0,22,0.0,84,1,72,0
2,33,0.0,87,2,77,1
1,14,0.0,98,5,80,1
2,25,0.0,86,5,75,0
1,17,0.0,91,5,75,0
1,24,0.0,80,2,68,0
12,76,0.0,71,4,70,0
1,23,0.0,78,1,66,0
3,23,0.0,80,3,67,0
1,16,0.0,86,2,70,0
1,14,0.0,87,2,71,0
1,34,0.0,87,2,77,1
9,39,0.0,87,2,78,1
5,35,0.0,89,2,79,1
4,39,0.0,87,1,78,1
3,26,0.0,86,5,73,0
0,24,0.0,89,5,75,0
0,22,0.0,87,5,74,0
8,31,0.0,84,1,74,0
39,74,0.0,55,4,54,0
28,77,0.0,55,3,54,0
43,80,0.0,51,3,51,0
14,39,0.0,60,10,55,0
28,67,0.0,59,5,56,0
12,53,0.0,60,9,57,0
3,55,0.0,59,11,56,0
3,53,0.0,60,9,57,0
2,45,0.0,66,2,60,0
3,53,0.0,59,5,56,0
30,56,0.01,84,15,79,1
75,59,0.06,86,14,79,1
18,51,0.0,86,9,80,1
51,54,0.02,80,7,76,0
75,59,0.06,86,14,79,1
60,65,0.0,64,7,62,0
71,70,0.0,62,4,61,0
67,65,0.0,64,4,62,0
69,67,0.0,62,4,60,0
60,59,0.0,66,3,63,0
56,59,0.0,66,3,63,0
74,70,0.0,64,6,62,0
48,70,0.0,64,5,63,0
66,63,0.0,66,6,63,0
58,66,0.0,73,11,70,0
61,76,0.0,71,12,68,0
72,66,0.0,68,5,65,0
72,66,0.0,68,5,66,0
75,68,0.0,68,5,66,0
94,84,0.0,64,4,62,0
99,87,0.01,62,3,60,0
68,81,0.0,64,6,64,0
88,78,0.0,66,5,64,0
95,90,0.0,62,3,62,0
91,90,0.02,62,5,62,0
96,100,0.05,57,4,58,0
88,87,0.02,62,5,61,0
80,84,0.0,64,5,64,0
27,65,0.0,62,8,60,0
97,87,0.0,62,4,61,0
83,68,0.0,68,5,66,0
84,71,0.0,68,5,66,0
80,66,0.0,73,9,69,0
77,71,0.0,71,6,68,0
79,73,0.0,71,9,69,0
85,73,0.0,71,5,69,0
93,79,0.0,68,3,66,0
79,73,0.0,71,9,69,0
92,87,0.0,68,3,67,0
91,87,0.0,66,5,66,0
94,97,0.0,64,1,65,0
93,97,0.0,64,2,65,0
29,63,0.0,64,9,61,0
50,63,0.0,66,6,63,0
49,68,0.0,64,4,63,0
1,33,0.0,66,6,60,0
4,26,0.0,69,3,62,0
23,52,0.0,64,4,60,0
18,65,0.0,59,4,58,0
1,30,0.0,69,18,61,0
1,29,0.0,71,18,62,0
5,34,0.0,66,9,59,0
24,55,0.0,86,9,81,1
42,61,0.0,87,6,84,2
22,66,0.0,89,2,86,3
55,70,0.01,87,5,85,3
50,72,0.02,86,3,84,2
46,70,0.01,87,2,85,3
25,64,0.0,89,4,86,3
41,80,0.01,86,4,86,3
53,77,0.06,86,6,85,3
45,80,0.04,86,2,86,3
47,75,0.0,86,2,85,3
49,70,0.01,87,3,85,3
47,77,0.0,86,2,86,3
21,75,0.0,86,4,86,3
24,70,0.0,87,5,86,3
46,70,0.01,87,3,85,3
29,77,0.0,86,5,86,3
30,70,0.01,89,3,87,4
37,80,0.01,86,4,86,3
30,72,0.01,86,2,85,3
49,68,0.01,86,3,84,2
24,64,0.0,89,4,86,3
24,66,0.0,89,4,87,4
2,63,0.0,86,5,82,2
4,70,0.0,84,5,82,2
6,57,0.0,86,4,83,2
42,70,0.01,87,3,85,3
28,70,0.06,87,3,86,3
25,64,0.01,89,4,86,3
35,70,0.01,89,2,87,4
25,70,0.01,87,5,86,3
23,68,0.0,89,4,86,3
63,77,0.0,86,5,84,2
45,64,0.0,87,9,84,2
19,64,0.0,89,3,86,3
9,28,0.0,80,4,70,0
4,45,0.0,87,3,81,1
2,43,0.0,87,7,80,1
8,45,0.0,89,7,82,2
20,47,0.0,91,6,84,2
4,37,0.0,84,2,75,0
5,57,0.0,87,9,83,2
68,70,0.5,84,12,81,1
7,59,0.0,89,8,84,2
8,54,0.0,87,10,83,2
7,46,0.0,91,9,83,2
0,34,0.0,78,15,69,0
2,57,0.0,86,6,81,1
3,63,0.0,84,8,82,2
7,49,0.0,78,5,74,0
7,49,0.0,78,5,74,0
2,72,0.0,82,8,81,1
9,59,0.0,86,5,82,2
10,63,0.0,84,6,82,2
9,61,0.0,84,5,81,1
15,53,0.0,84,5,80,1
9,55,0.0,84,5,79,1
5,12,0.0,102,7,83,2
3,12,0.0,98,9,80,1
18,20,0.01,80,10,67,0
5,16,0.0,104,5,86,3
2,14,0.0,95,10,77,1
6,15,0.0,86,11,72,0
2,19,0.0,89,11,75,0
3,18,0.0,89,11,75,0
2,10,0.0,98,2,79,1
3,12,0.0,102,5,82,2
1,13,0.0,102,6,83,2
2,14,0.0,86,5,72,0
5,13,0.0,98,6,80,1
4,13,0.0,100,6,81,1
4,13,0.0,100,9,82,2
1,10,0.0,104,9,83,2
3,14,0.0,95,12,77,1
3,10,0.0,102,7,82,2
5,12,0.0,104,11,83,2
3,12,0.0,102,5,82,2
3,12,0.0,102,7,83,2
5,13,0.0,102,7,83,2
4,13,0.0,102,6,83,2
3,13,0.0,102,6,83,2
5,12,0.0,100,6,82,2
9,13,0.0,98,9,80,1
5,15,0.0,91,12,75,0
7,16,0.0,93,10,77,1
8,14,0.0,91,12,73,0
3,10,0.0,95,12,76,0
1,21,0.0,93,7,79,1
3,23,0.0,80,6,69,0
3,22,0.0,82,9,69,0
4,25,0.0,77,5,67,0
6,28,0.0,71,8,62,0
2,28,0.0,82,8,71,0
8,20,0.0,78,4,66,0
5,21,0.0,80,10,68,0
5,26,0.0,77,7,66,0
6,24,0.0,82,4,70,0
2,26,0.0,80,5,69,0
3,24,0.0,75,3,65,0
11,20,0.0,77,8,65,0
3,10,0.0,84,7,68,0
1,14,0.0,80,3,66,0
1,14,0.0,80,3,66,0
2,15,0.0,78,11,65,0
1,18,0.0,82,5,69,0
1,15,0.0,84,3,69,0
4,19,0.0,77,2,65,0
3,13,0.0,80,7,65,0
3,14,0.0,87,3,72,0
1,16,0.0,80,2,67,0
1,12,0.0,82,3,68,0
1,13,0.0,80,4,66,0
3,21,0.0,75,3,64,0
4,14,0.0,77,4,64,0
2,8,0.0,82,20,64,0
3,11,0.0,75,18,59,0
8,15,0.0,73,13,60,0
2,18,0.0,71,10,59,0
1,24,0.0,68,6,58,0
2,20,0.0,71,9,60,0
2,18,0.0,71,9,60,0
1,22,0.0,66,12,56,0
3,10,0.0,98,3,79,1
2,7,0.0,95,2,75,0
2,15,0.0,86,6,72,0
3,15,0.0,86,4,71,0
2,10,0.0,98,2,80,1
2,15,0.0,84,5,70,0
3,10,0.0,87,4,71,0
2,8,0.0,95,5,75,0
4,10,0.0,93,3,75,0
2,14,0.0,95,7,78,1
3,13,0.0,93,8,76,0
2,9,0.0,98,2,79,1
1,14,0.0,78,5,65,0
2,15,0.0,86,6,72,0
18,74,0.0,71,5,71,0
3,23,0.0,102,4,88,4
2,22,0.0,91,6,78,1
7,26,0.0,100,4,87,4
18,74,0.0,71,5,71,0
8,16,0.0,104,5,87,4
3,26,0.0,93,5,80,1
2,30,0.0,93,4,82,2
8,28,0.0,84,2,74,0
16,60,0.0,77,2,74,0
3,11,0.0,96,3,79,1
2,10,0.0,98,2,79,1
2,18,0.0,84,3,71,0
8,28,0.0,84,2,74,0
2,10,0.0,98,1,79,1
10,11,0.0,96,5,78,1
10,10,0.0,95,7,77,1
2,11,0.0,100,5,81,1
10,30,0.0,87,2,77,1
2,24,0.0,95,3,81,1
2,16,0.0,91,5,75,0
1,23,0.0,95,2,81,1
5,26,0.0,91,5,79,1
1,30,0.0,95,2,84,2
0,20,0.0,95,3,81,1
1,23,0.0,93,4,79,1
0,22,0.0,96,2,82,2
1,24,0.0,91,5,79,1
4,37,0.0,89,2,79,1
0,23,0.0,91,3,78,1
0,19,0.0,91,1,77,1
0,21,0.0,89,3,76,0
8,28,0.0,84,2,74,0
1,21,0.0,91,2,77,1
2,19,0.0,91,4,77,1
2,16,0.0,93,5,77,1
4,17,0.0,91,2,76,0
3,22,0.0,102,4,87,4
2,12,0.0,95,1,78,1
0,20,0.0,98,5,82,2
0,19,0.0,91,1,77,1
2,30,0.0,91,2,80,1
2,14,0.0,100,6,82,2
2,22,0.0,91,6,78,1
2,15,0.0,95,3,78,1
1,19,0.0,86,2,72,0
12,69,0.0,73,5,73,0
1,24,0.0,82,1,70,0
3,20,0.0,87,3,74,0
1,16,0.0,87,2,73,0
2,14,0.0,91,2,74,0
0,29,0.0,95,2,82,2
3,34,0.0,93,2,83,2
3,30,0.0,96,2,84,2
2,32,0.0,95,2,83,2
0,24,0.0,91,4,78,1
0,22,0.0,93,5,80,1
0,20,0.0,93,5,79,1
3,25,0.0,93,2,80,1
31,70,0.0,57,4,57,0
28,75,0.0,55,3,54,0
37,80,0.0,53,3,54,0
14,33,0.0,64,10,57,0
28,63,0.0,60,5,59,0
14,47,0.0,64,10,59,0
2,48,0.0,62,11,59,0
3,47,0.0,64,10,59,0
2,44,0.0,68,2,63,0
3,43,0.0,62,5,58,0
31,55,0.01,86,14,79,1
37,54,0.06,87,13,81,1
30,50,0.0,87,9,81,1
66,55,0.02,82,7,77,1
37,54,0.06,87,13,81,1
29,50,0.0,89,9,82,2
47,57,0.0,89,5,84,2
25,62,0.0,91,3,88,4
60,70,0.01,87,5,85,3
54,68,0.02,86,3,84,2
49,68,0.01,89,3,86,3
25,62,0.0,91,4,87,4
39,77,0.01,87,5,87,4
56,77,0.06,86,7,85,3
50,73,0.04,89,3,87,4
47,70,0.0,89,3,87,4
50,66,0.01,89,3,86,3
46,72,0.0,87,3,86,3
20,72,0.0,87,5,86,3
27,70,0.0,89,5,87,4
47,66,0.01,89,4,86,3
35,80,0.0,86,5,86,3
32,66,0.01,91,3,88,4
29,77,0.01,87,5,88,4
31,70,0.01,87,2,86,3
53,66,0.01,87,3,85,3
24,66,0.0,89,4,87,4
24,64,0.0,91,4,88,4
6,59,0.0,86,5,82,2
8,70,0.0,84,5,82,2
14,55,0.0,87,3,83,2
42,68,0.01,89,3,87,4
31,68,0.06,89,4,87,4
28,64,0.01,89,5,87,4
43,66,0.01,89,2,87,4
28,68,0.01,87,5,86,3
23,68,0.0,89,4,87,4
70,75,0.0,86,6,85,3
45,63,0.0,87,10,84,2
22,62,0.0,91,4,88,4
9,26,0.0,82,4,72,0
2,40,0.0,91,3,82,2
4,38,0.0,91,6,82,2
9,41,0.0,91,7,83,2
26,43,0.0,93,7,85,3
4,36,0.0,86,2,78,1
14,57,0.0,89,9,84,2
59,70,0.5,84,13,81,1
11,56,0.0,89,9,84,2
8,50,0.0,89,11,83,2
14,41,0.0,91,9,83,2
1,27,0.0,84,15,72,0
4,54,0.0,87,6,82,2
9,59,0.0,86,6,82,2
5,44,0.0,82,5,76,0
5,44,0.0,82,5,76,0
4,65,0.0,84,7,82,2
15,57,0.0,86,5,83,2
19,63,0.0,84,6,82,2
16,61,0.0,84,6,81,1
22,50,0.0,86,5,81,1
14,51,0.0,84,5,80,1
8,11,0.0,104,5,84,2
5,10,0.0,100,9,80,1
58,19,0.01,80,11,67,0
4,13,0.0,107,5,88,4
2,13,0.0,95,10,77,1
8,14,0.0,87,11,72,0
2,16,0.0,93,9,76,0
4,16,0.0,91,9,76,0
3,9,0.0,100,4,81,1
1,11,0.0,104,5,84,2
2,11,0.0,104,6,84,2
2,12,0.0,89,7,73,0
4,12,0.0,100,5,81,1
1,12,0.0,100,6,81,1
4,12,0.0,102,8,82,2
5,8,0.0,107,8,84,2
4,12,0.0,95,11,77,1
2,8,0.0,104,5,83,2
4,10,0.0,104,9,84,2
1,11,0.0,104,5,84,2
3,11,0.0,104,6,84,2
5,11,0.0,104,5,84,2
4,11,0.0,104,5,84,2
4,12,0.0,104,5,84,2
6,11,0.0,102,5,82,2
8,12,0.0,100,8,81,1
4,14,0.0,93,11,75,0
10,14,0.0,95,9,77,1
7,12,0.0,91,10,74,0
4,9,0.0,96,12,76,0
2,20,0.0,95,7,81,1
5,21,0.0,84,6,71,0
5,20,0.0,84,9,71,0
4,22,0.0,82,5,70,0
6,26,0.0,73,8,63,0
2,25,0.0,84,9,73,0
8,18,0.0,82,5,69,0
5,18,0.0,84,10,70,0
7,23,0.0,80,7,68,0
7,22,0.0,84,4,73,0
4,23,0.0,82,5,70,0
3,22,0.0,78,2,67,0
11,19,0.0,80,8,67,0
4,9,0.0,87,6,70,0
2,12,0.0,84,4,69,0
2,12,0.0,84,4,69,0
2,13,0.0,84,12,68,0
2,16,0.0,86,7,70,0
1,13,0.0,87,4,72,0
4,18,0.0,78,2,66,0
3,12,0.0,82,7,67,0
3,13,0.0,93,3,76,0
1,13,0.0,84,2,69,0
1,11,0.0,86,4,70,0
1,13,0.0,82,5,67,0
3,20,0.0,77,3,65,0
4,14,0.0,82,4,67,0
2,8,0.0,82,20,65,0
16,11,0.0,77,18,61,0
11,17,0.0,73,13,61,0
2,18,0.0,71,11,59,0
1,27,0.0,71,6,62,0
2,20,0.0,73,9,62,0
3,17,0.0,75,11,64,0
1,19,0.0,69,13,59,0
4,8,0.0,100,4,80,1
4,5,0.0,98,2,77,1
2,13,0.0,89,6,73,0
3,13,0.0,89,4,73,0
3,9,0.0,100,4,81,1
2,13,0.0,87,5,72,0
6,8,0.0,91,5,72,0
2,7,0.0,95,5,76,0
7,9,0.0,95,5,75,0
3,13,0.0,96,7,79,1
5,11,0.0,95,8,77,1
3,9,0.0,100,2,81,1
2,13,0.0,82,8,67,0
2,13,0.0,89,6,73,0
18,68,0.0,73,5,73,0
4,19,0.0,107,3,90,4
2,18,0.0,96,6,81,1
10,21,0.0,104,4,88,4
18,68,0.0,73,5,73,0
8,13,0.0,107,5,87,4
3,20,0.0,98,5,82,2
2,23,0.0,98,4,84,2
8,20,0.0,91,3,78,1
16,51,0.0,82,3,77,1
3,9,0.0,100,4,81,1
2,8,0.0,102,2,81,1
2,14,0.0,89,4,74,0
8,20,0.0,91,3,78,1
1,8,0.0,102,2,81,1
10,7,0.0,100,5,79,1
10,8,0.0,98,7,79,1
3,10,0.0,102,5,82,2
10,24,0.0,91,2,79,1
2,21,0.0,98,4,84,2
4,13,0.0,95,8,77,1
1,20,0.0,98,3,83,2
2,22,0.0,95,8,81,1
1,26,0.0,98,2,85,3
0,17,0.0,100,4,83,2
0,19,0.0,98,5,82,2
0,19,0.0,100,2,84,2
1,21,0.0,96,5,82,2
2,34,0.0,91,3,81,1
0,19,0.0,95,3,81,1
0,14,0.0,98,1,81,1
0,19,0.0,93,3,79,1
8,20,0.0,91,3,78,1
1,17,0.0,93,2,79,1
1,18,0.0,95,3,80,1
3,14,0.0,95,4,79,1
4,15,0.0,95,2,78,1
4,17,0.0,107,4,89,4
2,9,0.0,100,2,80,1
1,18,0.0,100,7,84,2
0,14,0.0,98,1,81,1
1,25,0.0,95,3,83,2
3,13,0.0,102,6,83,2
2,18,0.0,96,6,81,1
4,14,0.0,98,3,81,1
1,14,0.0,91,2,75,0
12,62,0.0,77,5,74,0
1,20,0.0,86,1,73,0
3,15,0.0,91,3,76,0
1,15,0.0,89,2,73,0
1,13,0.0,93,2,75,0
0,24,0.0,98,2,85,3
1,29,0.0,96,4,84,2
1,25,0.0,100,3,86,3
1,27,0.0,98,3,85,3
0,21,0.0,95,4,81,1
0,19,0.0,98,5,82,2
0,17,0.0,95,4,80,1
2,22,0.0,95,4,82,2
35,64,0.0,59,4,57,0
29,69,0.0,57,4,56,0
33,77,0.0,53,3,54,0
14,28,0.0,68,10,60,0
23,58,0.0,62,7,60,0
8,43,0.0,66,11,61,0
2,43,0.0,66,13,61,0
2,41,0.0,66,12,62,0
2,37,0.0,75,2,69,0
3,34,0.0,66,5,59,0
31,55,0.01,86,14,79,1
37,54,0.06,87,13,81,1
30,50,0.0,87,9,81,1
66,55,0.02,82,7,77,1
37,54,0.06,87,13,81,1
34,50,0.0,89,9,82,2
51,54,0.0,91,4,85,3
35,60,0.0,91,3,87,4
63,70,0.01,87,5,85,3
58,66,0.02,87,3,85,3
51,64,0.01,89,3,86,3
24,66,0.0,89,4,86,3
25,77,0.0,87,5,87,4
55,77,0.06,86,7,85,3
53,73,0.04,89,3,86,3
51,66,0.0,89,3,87,4
52,64,0.01,89,3,86,3
50,70,0.0,89,3,86,3
29,75,0.0,86,5,86,3
32,70,0.0,89,6,87,4
47,66,0.01,89,5,86,3
34,80,0.0,86,6,85,3
36,66,0.0,91,3,88,4
42,77,0.0,87,5,87,4
19,68,0.0,89,2,86,3
57,61,0.01,89,3,85,3
25,62,0.0,91,4,87,4
24,62,0.0,91,4,87,4
9,58,0.0,87,5,82,2
1,72,0.0,82,5,81,1
3,56,0.0,87,2,82,2
43,66,0.01,89,4,86,3
37,66,0.06,89,5,86,3
40,64,0.01,89,5,86,3
32,64,0.0,91,2,88,4
36,68,0.01,87,6,85,3
24,66,0.0,89,4,86,3
67,72,0.0,86,6,84,2
46,63,0.0,87,10,84,2
29,62,0.0,89,5,86,3
10,23,0.0,84,4,73,0
2,36,0.0,93,4,83,2
3,35,0.0,93,6,83,2
9,39,0.0,91,7,83,2
33,42,0.01,93,7,86,3
3,40,0.0,89,2,81,1
9,60,0.0,89,10,85,3
40,70,0.32,84,13,81,1
23,54,0.0,91,9,85,3
6,49,0.0,89,11,84,2
9,39,0.0,93,9,83,2
3,24,0.0,86,15,73,0
4,50,0.0,89,6,82,2
11,58,0.0,86,6,82,2
6,43,0.0,82,5,76,0
6,43,0.0,82,5,76,0
5,63,0.0,84,7,82,2
25,56,0.0,87,5,83,2
17,61,0.0,86,7,82,2
17,59,0.0,86,6,81,1
28,47,0.0,87,5,81,1
15,48,0.0,86,5,79,1
6,11,0.0,104,5,83,2
4,10,0.0,100,7,80,1
75,19,0.01,82,11,66,0
9,12,0.0,107,5,87,4
3,13,0.0,96,9,77,1
9,13,0.0,89,10,72,0
5,16,0.0,93,9,76,0
3,16,0.0,91,7,75,0
6,9,0.0,100,5,79,1
2,10,0.0,104,4,83,2
2,11,0.0,104,6,84,2
6,12,0.0,93,7,74,0
3,11,0.0,102,5,81,1
6,12,0.0,102,6,81,1
2,12,0.0,102,7,82,2
5,8,0.0,107,6,84,2
2,12,0.0,95,9,76,0
3,9,0.0,104,5,82,2
11,10,0.0,104,7,83,2
2,10,0.0,104,4,83,2
5,10,0.0,104,5,83,2
6,11,0.0,104,5,83,2
5,11,0.0,104,4,83,2
5,12,0.0,104,4,83,2
4,12,0.0,102,5,82,2
7,12,0.0,100,6,81,1
6,13,0.0,93,10,75,0
6,14,0.0,95,9,77,1
7,13,0.0,91,9,72,0
3,9,0.0,96,12,75,0
2,19,0.0,98,6,81,1
3,18,0.0,84,9,71,0
3,18,0.0,86,12,72,0
4,19,0.0,84,5,71,0
6,23,0.0,77,8,65,0
2,21,0.0,86,9,73,0
8,16,0.0,84,4,70,0
5,16,0.0,86,10,71,0
12,22,0.0,80,11,68,0
6,20,0.0,86,8,72,0
5,21,0.0,82,9,70,0
3,17,0.0,82,5,69,0
11,16,0.0,82,8,68,0
3,8,0.0,87,6,70,0
2,10,0.0,86,6,70,0
2,10,0.0,86,6,70,0
2,11,0.0,86,12,69,0
2,14,0.0,86,9,70,0
3,11,0.0,89,5,72,0
4,17,0.0,82,2,68,0
3,11,0.0,84,7,67,0
3,11,0.0,98,3,79,1
1,11,0.0,86,2,70,0
2,9,0.0,89,5,72,0
1,11,0.0,86,6,69,0
3,18,0.0,78,3,66,0
4,11,0.0,84,4,68,0
2,8,0.0,82,19,65,0
22,9,0.0,80,18,62,0
9,15,0.0,75,14,61,0
3,18,0.0,71,11,58,0
1,29,0.0,73,6,64,0
2,19,0.0,75,9,64,0
3,17,0.0,77,12,64,0
2,17,0.0,73,14,62,0
4,8,0.0,100,4,79,1
4,6,0.0,98,2,77,1
2,12,0.0,89,9,72,0
4,12,0.0,89,8,73,0
4,9,0.0,102,5,81,1
2,11,0.0,89,7,71,0
7,9,0.0,91,5,72,0
4,7,0.0,98,5,76,0
9,9,0.0,95,5,74,0
3,13,0.0,98,6,79,1
3,11,0.0,96,7,77,1
5,8,0.0,102,2,81,1
5,12,0.0,84,9,67,0
2,12,0.0,89,9,72,0
11,64,0.0,75,6,73,0
12,17,0.0,107,3,89,4
4,16,0.0,100,7,82,2
14,17,0.0,107,5,88,4
11,64,0.0,75,6,73,0
4,12,0.0,107,5,87,4
6,16,0.0,102,5,83,2
8,19,0.0,102,4,85,3
6,17,0.0,98,5,81,1
4,42,0.0,86,4,79,1
2,8,0.0,102,4,81,1
2,7,0.0,104,2,81,1
7,12,0.0,93,4,76,0
6,17,0.0,98,5,81,1
2,8,0.0,102,3,81,1
10,5,0.0,102,5,79,1
10,7,0.0,100,5,79,1
4,10,0.0,102,5,82,2
10,23,0.0,93,3,80,1
2,19,0.0,100,5,84,2
5,12,0.0,98,10,78,1
0,20,0.0,98,5,82,2
1,21,0.0,96,12,81,1
0,22,0.0,102,5,86,3
1,15,0.0,102,4,84,2
1,18,0.0,100,5,84,2
0,16,0.0,104,3,85,3
1,18,0.0,100,5,84,2
0,32,0.0,93,5,82,2
1,18,0.0,100,3,83,2
0,11,0.0,102,7,82,2
1,17,0.0,98,3,81,1
6,17,0.0,98,5,81,1
2,16,0.0,98,3,82,2
1,17,0.0,98,3,81,1
3,13,0.0,98,4,81,1
10,15,0.0,98,3,80,1
8,15,0.0,109,3,89,4
2,8,0.0,104,2,82,2
1,18,0.0,100,8,83,2
0,11,0.0,102,7,82,2
2,22,0.0,98,4,83,2
2,13,0.0,102,6,83,2
4,16,0.0,100,7,82,2
3,12,0.0,100,2,81,1
2,11,0.0,95,7,77,1
6,55,0.0,80,6,76,0
2,20,0.0,87,2,74,0
3,13,0.0,95,4,77,1
1,14,0.0,89,3,73,0
1,13,0.0,93,2,75,0
0,20,0.0,100,2,85,3
1,26,0.0,98,5,85,3
1,21,0.0,102,5,86,3
0,23,0.0,100,5,85,3
0,18,0.0,100,5,83,2
0,18,0.0,100,5,83,2
0,15,0.0,100,4,83,2
1,20,0.0,98,5,82,2
37,65,0.0,60,4,59,0
26,67,0.0,59,4,57,0
20,74,0.0,55,3,54,0
2,25,0.0,68,10,60,0
12,56,0.0,64,8,61,0
10,40,0.0,66,11,61,0
5,39,0.0,68,13,62,0
3,38,0.0,68,13,62,0
2,34,0.0,77,3,69,0
4,27,0.0,68,7,59,0
31,55,0.01,86,14,79,1
37,54,0.06,87,13,81,1
30,50,0.0,87,9,81,1
66,55,0.02,82,7,77,1
37,54,0.06,87,13,81,1
36,52,0.0,89,10,81,1
51,54,0.01,91,4,84,2
38,60,0.24,91,3,86,3
65,70,0.21,87,5,84,2
59,64,0.06,89,3,84,2
51,62,0.05,91,3,86,3
24,64,0.0,89,4,86,3
27,78,0.0,86,5,85,3
51,78,0.09,86,7,84,2
57,75,0.17,87,3,85,3
58,68,0.29,89,3,85,3
52,62,0.06,91,3,86,3
56,71,0.21,89,3,85,3
28,73,0.0,87,5,85,3
30,68,0.02,89,6,86,3
44,64,0.01,89,5,85,3
42,80,0.04,86,6,84,2
49,64,0.14,91,3,86,3
43,78,0.17,86,4,85,3
12,66,0.01,89,2,85,3
59,58,0.05,89,3,84,2
25,62,0.0,91,4,86,3
24,62,0.0,91,4,87,4
6,57,0.0,87,5,81,1
9,72,0.0,82,6,79,1
19,53,0.0,89,3,82,2
42,64,0.05,89,4,86,3
37,66,0.04,89,5,85,3
40,62,0.03,91,5,86,3
32,62,0.1,91,2,86,3
36,66,0.03,89,7,85,3
24,66,0.0,89,4,85,3
64,73,0.05,86,6,84,2
44,64,0.0,87,10,83,2
29,64,0.04,89,5,86,3
8,20,0.0,86,10,72,0
4,34,0.0,93,4,82,2
4,32,0.0,93,6,82,2
13,38,0.0,91,7,82,2
45,39,0.01,95,8,85,3
3,38,0.0,89,2,80,1
12,59,0.0,89,11,85,3
39,65,0.32,86,13,82,2
17,57,0.0,89,10,84,2
6,50,0.0,89,10,82,2
4,37,0.0,93,9,83,2
4,21,0.0,87,14,73,0
9,47,0.0,89,6,81,1
7,57,0.0,86,5,81,1
3,40,0.0,84,5,75,0
3,40,0.0,84,5,75,0
5,59,0.0,86,6,81,1
28,55,0.0,87,5,82,2
27,63,0.0,86,8,81,1
28,59,0.0,86,6,80,1
26,45,0.0,87,5,79,1
15,46,0.0,86,5,78,1
7,10,0.0,105,4,83,2
5,10,0.0,100,6,79,1
71,18,0.01,82,11,66,0
12,12,0.0,109,4,86,3
4,13,0.0,96,9,76,0
8,13,0.0,89,10,70,0
7,14,0.0,93,8,75,0
7,14,0.0,93,6,75,0
5,8,0.0,102,5,79,1
4,10,0.0,105,4,83,2
4,11,0.0,105,5,83,2
7,11,0.0,95,8,74,0
5,11,0.0,100,5,79,1
5,12,0.0,102,5,80,1
4,12,0.0,102,6,81,1
6,8,0.0,107,6,83,2
4,12,0.0,95,9,75,0
4,9,0.0,104,5,81,1
15,10,0.0,107,5,83,2
4,10,0.0,105,4,83,2
6,10,0.0,104,4,82,2
5,11,0.0,104,4,82,2
5,11,0.0,104,4,82,2
5,11,0.0,104,3,82,2
5,11,0.0,104,5,81,1
6,12,0.0,100,5,80,1
6,12,0.0,93,9,74,0
5,13,0.0,95,9,75,0
9,12,0.0,91,9,72,0
4,9,0.0,96,12,75,0
4,18,0.0,98,6,81,1
5,17,0.0,86,10,70,0
4,17,0.0,86,13,70,0
15,18,0.0,86,5,71,0
27,23,0.0,77,8,64,0
4,18,0.0,89,9,73,0
23,15,0.0,86,4,69,0
9,15,0.0,89,9,71,0
13,21,0.0,82,11,67,0
7,18,0.0,86,8,71,0
6,20,0.0,84,9,69,0
7,16,0.0,84,9,69,0
34,14,0.0,86,8,68,0
4,8,0.0,89,8,69,0
2,10,0.0,89,7,70,0
2,10,0.0,89,7,70,0
3,11,0.0,86,13,69,0
2,13,0.0,89,10,70,0
3,10,0.0,91,6,72,0
6,15,0.0,82,3,67,0
6,10,0.0,86,7,68,0
4,10,0.0,100,6,79,1
5,10,0.0,91,3,72,0
2,8,0.0,91,6,72,0
2,10,0.0,86,7,69,0
5,18,0.0,80,3,66,0
4,10,0.0,84,5,67,0
0,8,0.0,82,17,64,0
21,8,0.0,80,18,62,0
9,17,0.0,73,15,59,0
3,19,0.0,71,11,58,0
4,31,0.0,75,9,66,0
3,19,0.0,77,11,64,0
4,17,0.0,77,12,63,0
3,16,0.0,75,16,61,0
4,8,0.0,102,4,79,1
5,5,0.0,100,3,76,0
2,13,0.0,91,9,72,0
4,12,0.0,91,8,72,0
5,8,0.0,102,5,80,1
2,11,0.0,91,7,71,0
8,8,0.0,91,6,70,0
4,7,0.0,98,5,75,0
9,8,0.0,95,6,74,0
3,12,0.0,98,6,78,1
5,10,0.0,96,6,76,0
5,8,0.0,104,2,80,1
3,12,0.0,84,10,66,0
2,13,0.0,91,9,72,0
11,58,0.0,78,6,74,0
10,16,0.0,109,2,88,4
4,14,0.0,104,6,83,2
15,17,0.0,107,4,87,4
11,58,0.0,78,6,74,0
5,12,0.0,109,5,86,3
6,14,0.0,104,4,84,2
8,16,0.0,105,4,86,3
6,17,0.0,102,7,83,2
4,38,0.0,91,5,80,1
3,8,0.0,104,4,80,1
2,7,0.0,104,2,81,1
7,10,0.0,98,5,77,1
6,17,0.0,102,7,83,2
3,7,0.0,104,3,80,1
10,5,0.0,104,5,79,1
10,7,0.0,102,5,79,1
6,9,0.0,104,4,81,1
10,23,0.0,93,3,78,1
1,19,0.0,100,5,83,2
6,12,0.0,98,11,77,1
0,20,0.0,98,5,82,2
0,23,0.0,96,15,80,1
0,20,0.0,102,5,85,3
1,14,0.0,104,4,84,2
3,17,0.0,102,6,83,2
0,15,0.0,107,3,86,3
1,17,0.0,102,6,83,2
0,34,0.0,93,6,81,1
2,18,0.0,100,2,83,2
0,11,0.0,102,7,82,2
1,17,0.0,98,3,81,1
6,17,0.0,102,7,83,2
3,16,0.0,100,3,81,1
2,17,0.0,98,3,81,1
5,13,0.0,100,4,80,1
10,17,0.0,96,4,79,1
8,13,0.0,109,2,87,4
3,8,0.0,104,2,81,1
1,18,0.0,100,8,82,2
0,11,0.0,102,7,82,2
2,20,0.0,100,5,83,2
5,12,0.0,104,5,82,2
4,14,0.0,104,6,83,2
2,13,0.0,100,3,81,1
2,11,0.0,95,7,75,0
6,58,0.0,78,5,74,0
2,21,0.0,89,2,74,0
3,14,0.0,95,4,77,1
3,15,0.0,91,2,73,0
3,12,0.0,93,2,75,0
0,19,0.0,104,2,85,3
0,24,0.0,100,5,84,2
0,21,0.0,102,5,84,2
0,22,0.0,100,5,84,2
0,16,0.0,100,5,82,2
1,15,0.0,102,5,83,2
1,14,0.0,102,4,82,2
0,19,0.0,100,5,82,2
30,62,0.0,60,4,58,0
13,64,0.0,59,4,56,0
7,72,0.0,55,4,53,0
2,26,0.0,68,10,59,0
12,52,0.0,66,8,61,0
11,39,0.0,68,12,61,0
2,38,0.0,68,13,61,0
2,35,0.0,69,13,62,0
2,30,0.0,80,3,70,0
4,23,0.0,68,7,57,0
31,59,0.0,84,13,76,0
37,61,0.02,84,11,77,1
30,63,0.0,82,9,75,0
66,69,0.08,77,2,73,0
37,61,0.02,84,11,77,1
38,52,0.0,89,11,81,1
51,54,0.01,91,4,83,2
42,59,0.24,91,4,84,2
65,70,0.21,87,5,83,2
61,65,0.06,87,3,83,2
51,65,0.05,89,3,84,2
24,63,0.0,89,4,84,2
29,77,0.0,86,5,84,2
51,75,0.09,86,7,83,2
62,72,0.17,89,4,84,2
56,61,0.29,91,3,85,3
52,61,0.06,89,3,84,2
56,66,0.21,89,3,84,2
28,70,0.0,87,5,84,2
30,68,0.02,89,5,84,2
42,70,0.01,87,5,84,2
55,80,0.04,86,5,83,2
61,68,0.14,89,3,84,2
57,77,0.17,86,4,84,2
22,65,0.01,89,2,84,2
62,61,0.05,89,3,83,2
25,63,0.0,89,4,84,2
24,62,0.0,91,4,86,3
12,59,0.0,86,5,80,1
4,75,0.0,82,5,79,1
15,57,0.0,87,2,81,1
42,68,0.05,87,4,83,2
40,68,0.04,87,5,83,2
40,65,0.03,89,5,84,2
45,63,0.1,89,2,84,2
37,70,0.03,86,6,83,2
24,65,0.0,89,4,84,2
67,70,0.05,87,6,83,2
42,65,0.0,86,10,82,2
30,63,0.04,89,5,84,2
12,19,0.0,86,10,71,0
1,29,0.0,93,4,80,1
2,29,0.0,93,7,80,1
14,38,0.0,91,7,81,1
49,43,0.0,93,8,83,2
2,37,0.0,91,2,79,1
7,61,0.0,87,12,82,2
37,65,0.06,86,12,80,1
4,58,0.0,89,10,83,2
2,49,0.0,89,10,81,1
5,37,0.0,93,8,82,2
4,17,0.0,89,17,72,0
4,46,0.0,91,5,81,1
9,56,0.0,87,5,81,1
1,39,0.0,84,5,75,0
1,39,0.0,84,5,75,0
3,57,0.0,86,6,80,1
26,54,0.0,89,5,81,1
15,63,0.0,86,6,80,1
23,59,0.0,86,5,79,1
30,45,0.0,87,5,78,1
15,45,0.0,84,6,76,0
6,11,0.0,104,3,81,1
4,10,0.0,100,5,78,1
64,19,0.0,80,10,64,0
13,12,0.0,109,4,85,3
6,13,0.0,95,8,75,0
7,13,0.0,87,9,69,0
6,14,0.0,95,7,74,0
7,15,0.0,91,5,72,0
8,8,0.0,102,6,78,1
7,10,0.0,107,3,82,2
5,10,0.0,107,5,82,2
6,11,0.0,93,9,72,0
7,11,0.0,100,4,78,1
5,12,0.0,102,5,80,1
4,12,0.0,104,5,81,1
5,8,0.0,109,5,84,2
5,11,0.0,95,9,74,0
4,8,0.0,105,5,81,1
16,11,0.0,104,5,81,1
7,10,0.0,107,3,82,2
5,10,0.0,105,3,82,2
7,11,0.0,105,3,82,2
5,11,0.0,105,3,82,2
7,11,0.0,104,3,81,1
5,11,0.0,104,4,81,1
6,12,0.0,102,5,79,1
7,12,0.0,93,9,72,0
7,12,0.0,95,9,74,0
8,11,0.0,91,9,71,0
8,9,0.0,96,11,74,0
4,17,0.0,100,6,80,1
7,17,0.0,84,10,68,0
5,16,0.0,86,12,68,0
15,17,0.0,87,5,71,0
27,20,0.0,78,8,64,0
4,18,0.0,89,10,71,0
23,14,0.0,87,5,70,0
9,14,0.0,89,9,71,0
13,21,0.0,82,11,66,0
9,17,0.0,86,8,70,0
8,19,0.0,84,9,68,0
7,13,0.0,86,10,68,0
34,14,0.0,84,8,67,0
6,8,0.0,89,8,68,0
2,9,0.0,89,7,70,0
2,9,0.0,89,7,70,0
4,10,0.0,89,9,69,0
3,12,0.0,89,10,69,0
3,10,0.0,91,7,70,0
6,14,0.0,82,3,66,0
6,10,0.0,84,7,66,0
4,10,0.0,100,6,78,1
5,9,0.0,91,3,71,0
3,8,0.0,93,6,72,0
1,10,0.0,87,7,68,0
5,16,0.0,80,3,65,0
4,9,0.0,86,5,67,0
0,8,0.0,84,16,64,0
23,8,0.0,82,15,62,0
23,20,0.0,73,11,59,0
4,18,0.0,71,11,57,0
4,29,0.0,75,9,65,0
3,21,0.0,77,11,64,0
7,17,0.0,78,12,64,0
5,17,0.0,75,16,61,0
3,8,0.0,102,4,78,1
4,5,0.0,100,4,75,0
2,13,0.0,89,9,70,0
4,13,0.0,89,8,70,0
8,8,0.0,104,5,79,1
2,12,0.0,89,7,70,0
7,8,0.0,91,6,70,0
3,6,0.0,98,5,75,0
10,8,0.0,95,6,72,0
4,12,0.0,98,6,77,1
5,10,0.0,96,5,75,0
6,8,0.0,104,2,79,1
4,13,0.0,86,11,66,0
2,13,0.0,89,9,70,0
11,65,0.0,77,5,72,0
8,15,0.0,109,2,87,4
4,13,0.0,107,5,84,2
17,16,0.0,107,4,86,3
11,65,0.0,77,5,72,0
6,12,0.0,109,5,86,3
6,13,0.0,107,4,84,2
8,15,0.0,107,4,85,3
6,16,0.0,105,7,84,2
4,40,0.0,89,5,79,1
4,8,0.0,104,4,79,1
3,7,0.0,105,3,80,1
7,9,0.0,102,5,78,1
6,16,0.0,105,7,84,2
4,8,0.0,104,4,80,1
10,5,0.0,104,5,78,1
10,8,0.0,102,5,78,1
9,9,0.0,104,4,80,1
10,27,0.0,91,3,76,0
2,18,0.0,102,5,83,2
7,12,0.0,98,12,77,1
0,22,0.0,96,5,80,1
0,25,0.0,93,16,77,1
0,20,0.0,102,6,83,2
2,14,0.0,104,5,83,2
3,15,0.0,104,7,83,2
0,13,0.0,107,4,84,2
3,16,0.0,102,6,82,2
0,36,0.0,89,8,78,1
1,16,0.0,102,2,82,2
0,12,0.0,102,7,81,1
2,16,0.0,100,3,80,1
6,16,0.0,105,7,84,2
3,16,0.0,100,4,80,1
0,17,0.0,98,3,80,1
2,13,0.0,100,5,79,1
10,20,0.0,95,5,78,1
10,13,0.0,111,2,87,4
4,8,0.0,105,3,81,1
3,17,0.0,102,7,81,1
0,12,0.0,102,7,81,1
4,17,0.0,102,6,83,2
7,12,0.0,104,5,81,1
4,13,0.0,107,5,84,2
1,12,0.0,102,3,80,1
2,11,0.0,95,7,75,0
6,60,0.0,77,4,72,0
2,23,0.0,89,2,73,0
3,14,0.0,95,4,75,0
2,14,0.0,91,2,72,0
2,12,0.0,93,2,73,0
0,19,0.0,102,2,83,2
0,24,0.0,98,5,82,2
0,21,0.0,102,6,83,2
0,22,0.0,100,6,82,2
0,16,0.0,100,6,81,1
1,15,0.0,102,5,82,2
1,15,0.0,102,4,82,2
0,18,0.0,100,5,81,1
19,58,0.0,62,5,57,0
18,65,0.0,59,4,56,0
4,67,0.0,57,4,54,0
2,27,0.0,69,10,59,0
10,53,0.0,66,8,60,0
13,38,0.0,68,12,61,0
5,38,0.0,68,13,60,0
1,35,0.0,69,13,61,0
2,29,0.0,82,3,69,0
4,22,0.0,68,7,57,0
31,59,0.0,84,13,76,0
37,61,0.02,84,11,77,1
30,63,0.0,82,9,75,0
66,69,0.08,77,2,73,0
37,61,0.02,84,11,77,1
40,55,0.0,87,12,80,1
51,56,0.01,89,4,82,2
50,60,0.24,91,4,84,2
65,77,0.45,84,5,81,1
62,68,0.06,86,4,81,1
71,66,0.05,89,3,83,2
23,61,0.0,89,4,82,2
24,75,0.02,87,5,84,2
50,77,0.04,86,7,82,2
64,77,0.29,86,4,82,2
58,68,0.17,89,4,83,2
69,64,0.06,89,4,82,2
59,70,0.13,89,4,84,2
22,70,0.0,87,6,83,2
39,68,0.02,89,5,83,2
40,70,0.01,87,5,83,2
61,77,0.24,86,5,83,2
59,66,0.34,89,4,84,2
43,75,0.37,87,3,84,2
29,68,0.1,89,2,83,2
64,61,0.05,87,3,81,1
20,64,0.0,89,4,83,2
22,58,0.0,91,4,83,2
16,59,0.0,86,5,79,1
6,74,0.0,82,5,79,1
13,61,0.0,86,2,79,1
55,70,0.05,87,4,83,2
51,70,0.04,87,5,83,2
49,66,0.03,89,5,83,2
51,64,0.22,91,2,84,2
46,70,0.03,87,6,83,2
17,66,0.0,87,4,82,2
66,72,0.08,86,6,82,2
40,68,0.0,86,10,80,1
23,62,0.02,89,5,83,2
16,18,0.0,86,10,70,0
1,28,0.0,93,4,79,1
2,29,0.0,93,7,79,1
17,40,0.0,91,7,80,1
43,43,0.0,91,8,81,1
1,37,0.0,91,2,79,1
5,63,0.0,86,12,81,1
32,68,0.06,86,12,80,1
5,59,0.0,87,11,80,1
2,52,0.0,87,10,79,1
5,37,0.0,93,8,81,1
3,18,0.0,87,16,71,0
15,48,0.0,89,5,79,1
8,57,0.0,86,5,79,1
0,39,0.0,84,5,73,0
0,39,0.0,84,5,73,0
7,61,0.0,84,5,78,1
20,57,0.0,86,4,79,1
17,65,0.0,84,6,79,1
15,63,0.0,84,5,79,1
29,47,0.0,86,5,77,1
11,46,0.0,84,6,74,0
9,9,0.0,104,2,80,1
5,9,0.0,100,5,77,1
43,19,0.0,80,9,64,0
3,10,0.0,109,3,83,2
3,11,0.0,95,6,74,0
11,13,0.0,87,6,68,0
4,13,0.0,93,5,73,0
6,14,0.0,91,5,72,0
5,7,0.0,102,5,77,1
5,8,0.0,107,2,82,2
5,10,0.0,107,5,82,2
6,10,0.0,93,9,71,0
7,10,0.0,100,4,77,1
7,12,0.0,100,5,78,1
3,12,0.0,102,4,79,1
3,8,0.0,107,5,82,2
6,11,0.0,95,6,73,0
4,8,0.0,104,4,80,1
7,9,0.0,104,3,81,1
5,8,0.0,107,2,82,2
7,9,0.0,104,2,80,1
6,10,0.0,104,2,80,1
4,10,0.0,104,2,80,1
6,11,0.0,104,2,80,1
3,10,0.0,102,3,79,1
5,11,0.0,100,4,78,1
12,13,0.0,93,7,71,0
11,12,0.0,95,6,73,0
11,11,0.0,91,7,69,0
6,8,0.0,95,10,72,0
4,16,0.0,100,5,80,1
9,17,0.0,82,9,66,0
6,17,0.0,84,12,67,0
15,17,0.0,86,5,69,0
27,19,0.0,80,8,64,0
4,17,0.0,87,10,70,0
23,14,0.0,86,6,67,0
9,14,0.0,87,10,68,0
14,21,0.0,80,11,64,0
11,16,0.0,84,8,68,0
10,18,0.0,82,9,65,0
7,12,0.0,86,10,68,0
34,13,0.0,82,8,64,0
7,8,0.0,87,7,67,0
5,11,0.0,89,5,69,0
5,11,0.0,89,5,69,0
5,10,0.0,86,9,67,0
9,13,0.0,82,9,64,0
6,9,0.0,89,5,69,0
6,13,0.0,82,3,65,0
6,10,0.0,84,7,65,0
4,9,0.0,100,6,77,1
5,9,0.0,91,3,70,0
6,8,0.0,91,4,69,0
4,8,0.0,87,5,67,0
5,16,0.0,82,3,65,0
4,8,0.0,84,5,64,0
7,8,0.0,82,14,62,0
22,7,0.0,82,13,61,0
24,20,0.0,73,12,57,0
4,21,0.0,68,10,55,0
4,27,0.0,75,9,64,0
3,22,0.0,75,11,62,0
6,17,0.0,77,12,62,0
5,18,0.0,75,16,61,0
3,7,0.0,102,4,78,1
4,4,0.0,98,5,74,0
2,14,0.0,87,9,69,0
2,12,0.0,89,8,70,0
4,7,0.0,102,5,78,1
4,11,0.0,89,8,68,0
7,7,0.0,91,5,69,0
2,6,0.0,96,5,73,0
8,8,0.0,93,5,70,0
3,12,0.0,98,5,76,0
4,10,0.0,95,5,73,0
4,7,0.0,104,2,79,1
5,12,0.0,84,10,65,0
2,14,0.0,87,9,69,0
35,62,0.0,77,2,71,0
5,15,0.0,109,2,85,3
16,11,0.0,107,1,83,2
6,18,0.0,107,4,85,3
35,62,0.0,77,2,71,0
4,9,0.0,109,4,84,2
13,12,0.0,107,3,83,2
13,14,0.0,107,3,84,2
14,20,0.0,102,6,83,2
14,40,0.0,89,3,77,1
3,7,0.0,104,5,79,1
3,6,0.0,105,4,79,1
11,8,0.0,102,3,76,0
14,20,0.0,102,6,83,2
4,8,0.0,102,4,78,1
10,6,0.0,102,8,77,1
10,7,0.0,100,8,76,0
4,8,0.0,104,3,79,1
10,31,0.0,87,5,74,0
2,19,0.0,102,6,82,2
4,13,0.0,95,12,75,0
0,21,0.0,95,7,78,1
0,23,0.0,91,15,75,0
0,18,0.0,100,9,82,2
2,15,0.0,104,5,82,2
4,16,0.0,102,8,82,2
0,12,0.0,105,5,84,2
4,17,0.0,102,6,82,2
0,30,0.0,89,14,76,0
2,15,0.0,102,2,81,1
1,12,0.0,102,5,80,1
3,15,0.0,100,3,79,1
14,20,0.0,102,6,83,2
2,15,0.0,100,4,80,1
2,16,0.0,100,3,80,1
2,13,0.0,100,5,79,1
14,23,0.0,91,4,76,0
5,13,0.0,109,2,85,3
2,8,0.0,104,5,80,1
2,17,0.0,100,7,80,1
1,12,0.0,102,5,80,1
6,17,0.0,102,7,82,2
6,11,0.0,104,5,81,1
16,11,0.0,107,1,83,2
2,12,0.0,100,3,79,1
4,12,0.0,95,6,74,0
26,60,0.0,77,2,72,0
0,25,0.0,89,2,73,0
3,15,0.0,95,2,76,0
1,13,0.0,89,2,70,0
1,13,0.0,91,2,71,0
0,17,0.0,102,7,82,2
1,21,0.0,98,8,81,1
1,18,0.0,100,7,82,2
1,20,0.0,98,8,81,1
0,16,0.0,102,7,81,1
0,13,0.0,104,6,82,2
2,13,0.0,104,5,82,2
0,16,0.0,98,10,79,1
18,58,0.0,62,5,57,0
21,62,0.0,60,5,56,0
7,66,0.0,55,5,52,0
11,27,0.0,68,10,57,0
14,54,0.0,64,8,59,0
14,38,0.0,68,11,59,0
14,38,0.0,68,13,59,0
2,36,0.0,68,12,59,0
2,27,0.0,80,5,68,0
5,20,0.0,66,5,55,0
31,59,0.0,84,13,76,0
37,61,0.02,84,11,77,1
30,63,0.0,82,9,75,0
66,69,0.08,77,2,73,0
37,61,0.02,84,11,77,1
37,57,0.0,86,12,79,1
57,59,0.01,89,5,81,1
49,66,0.24,87,4,82,2
61,77,0.45,84,5,81,1
59,70,0.06,86,3,80,1
71,70,0.05,86,3,81,1
23,62,0.0,89,4,82,2
28,80,0.02,86,4,82,2
53,80,0.04,84,6,81,1
61,77,0.29,86,4,82,2
55,70,0.17,87,3,82,2
69,68,0.06,87,3,82,2
55,75,0.13,86,3,82,2
28,72,0.0,86,5,82,2
36,72,0.02,86,5,82,2
44,72,0.01,86,5,82,2
43,77,0.24,86,5,82,2
46,72,0.34,86,4,82,2
34,82,0.37,84,2,82,2
44,75,0.1,86,2,81,1
60,63,0.05,86,3,80,1
20,66,0.0,86,4,81,1
22,63,0.0,87,4,81,1
31,63,0.0,86,4,79,1
21,71,0.0,82,3,78,1
25,67,0.0,84,2,78,1
55,72,0.05,86,4,82,2
51,72,0.04,86,4,82,2
49,68,0.03,87,5,82,2
47,70,0.22,87,2,82,2
46,70,0.03,86,5,81,1
17,68,0.0,86,4,81,1
59,75,0.08,86,6,81,1
40,70,0.0,84,10,79,1
27,68,0.02,86,4,81,1
20,18,0.0,84,9,68,0
1,29,0.0,93,4,78,1
1,29,0.0,93,7,78,1
0,39,0.0,91,6,80,1
34,45,0.0,91,8,81,1
1,35,0.0,91,2,78,1
4,61,0.0,86,12,80,1
30,69,0.06,84,12,79,1
3,63,0.0,86,10,79,1
1,55,0.0,86,10,79,1
0,42,0.0,91,7,80,1
4,17,0.0,86,15,69,0
18,49,0.0,87,5,79,1
9,56,0.0,86,5,78,1
0,39,0.0,82,5,71,0
0,39,0.0,82,5,71,0
6,62,0.0,84,5,78,1
19,60,0.0,84,3,78,1
7,67,0.0,84,5,78,1
15,65,0.0,84,4,78,1
25,51,0.0,84,4,76,0
9,49,0.0,82,5,72,0
9,11,0.0,102,2,78,1
7,11,0.0,95,4,72,0
33,23,0.0,73,4,60,0
5,12,0.0,107,2,83,2
5,13,0.0,93,5,72,0
8,14,0.0,84,5,65,0
11,15,0.0,89,5,70,0
8,17,0.0,87,4,68,0
7,9,0.0,98,4,74,0
7,10,0.0,104,2,81,1
5,10,0.0,105,5,81,1
13,12,0.0,89,7,67,0
8,14,0.0,93,3,72,0
5,13,0.0,98,4,76,0
8,13,0.0,98,3,76,0
5,9,0.0,104,4,79,1
6,13,0.0,91,5,70,0
8,10,0.0,102,3,77,1
6,12,0.0,102,3,79,1
7,10,0.0,104,2,81,1
8,11,0.0,102,2,77,1
6,12,0.0,102,2,78,1
6,12,0.0,102,2,77,1
6,12,0.0,102,2,77,1
9,12,0.0,100,3,76,0
7,13,0.0,98,2,76,0
11,14,0.0,89,6,69,0
10,13,0.0,91,6,70,0
9,15,0.0,86,6,67,0
7,10,0.0,91,9,68,0
5,17,0.0,98,5,79,1
11,20,0.0,77,8,62,0
7,20,0.0,77,11,63,0
7,17,0.0,84,5,67,0
8,19,0.0,77,7,61,0
6,17,0.0,86,12,69,0
18,13,0.0,86,6,67,0
10,13,0.0,86,10,68,0
14,25,0.0,73,10,60,0
13,20,0.0,78,7,64,0
12,21,0.0,77,8,62,0
7,12,0.0,84,11,65,0
14,13,0.0,80,9,63,0
6,10,0.0,84,4,65,0
5,12,0.0,86,5,67,0
5,12,0.0,86,5,67,0
4,13,0.0,82,4,65,0
7,14,0.0,82,9,64,0
7,10,0.0,86,5,67,0
5,15,0.0,82,3,65,0
7,10,0.0,84,7,64,0
5,10,0.0,98,7,76,0
5,9,0.0,93,4,71,0
6,8,0.0,89,3,68,0
4,9,0.0,86,5,66,0
5,16,0.0,80,2,63,0
4,10,0.0,84,3,64,0
4,10,0.0,77,10,60,0
23,10,0.0,78,10,60,0
23,26,0.0,71,12,58,0
10,22,0.0,68,9,54,0
6,27,0.0,75,7,62,0
8,24,0.0,73,10,60,0
5,19,0.0,75,12,60,0
11,21,0.0,73,16,60,0
4,8,0.0,100,4,77,1
5,5,0.0,96,5,72,0
2,15,0.0,84,9,67,0
2,14,0.0,86,8,68,0
8,9,0.0,100,4,75,0
3,13,0.0,86,7,67,0
8,9,0.0,86,5,66,0
4,8,0.0,93,4,71,0
9,10,0.0,87,4,66,0
3,13,0.0,95,5,75,0
5,12,0.0,91,5,71,0
3,8,0.0,102,2,77,1
4,14,0.0,80,8,62,0
2,15,0.0,84,9,67,0
35,71,0.0,73,1,68,0
5,16,0.0,107,2,85,3
16,13,0.0,104,0,82,2
5,21,0.0,104,3,85,3
35,71,0.0,73,1,68,0
4,12,0.0,107,3,83,2
13,14,0.0,104,2,82,2
13,17,0.0,104,3,83,2
14,26,0.0,98,5,81,1
14,46,0.0,84,3,75,0
2,8,0.0,102,4,77,1
1,8,0.0,102,4,77,1
11,10,0.0,98,3,75,0
14,26,0.0,98,5,81,1
4,9,0.0,102,5,77,1
10,8,0.0,98,8,75,0
10,8,0.0,96,8,75,0
5,9,0.0,102,3,78,1
10,44,0.0,82,6,72,0
3,20,0.0,100,4,81,1
2,15,0.0,93,10,73,0
0,27,0.0,91,6,76,0
0,27,0.0,87,13,72,0
0,23,0.0,96,8,79,1
4,19,0.0,100,4,80,1
6,19,0.0,100,6,80,1
0,14,0.0,104,3,82,2
5,20,0.0,100,5,82,2
0,36,0.0,86,14,74,0
2,18,0.0,98,2,79,1
1,17,0.0,98,7,78,1
2,19,0.0,98,2,79,1
14,26,0.0,98,5,81,1
4,18,0.0,96,3,78,1
3,19,0.0,96,2,78,1
3,17,0.0,96,4,77,1
14,29,0.0,86,4,72,0
5,14,0.0,107,2,85,3
1,8,0.0,104,5,79,1
2,20,0.0,96,5,78,1
1,17,0.0,98,7,78,1
3,20,0.0,100,6,81,1
6,13,0.0,102,5,79,1
16,13,0.0,104,0,82,2
5,14,0.0,98,3,78,1
3,15,0.0,91,6,72,0
26,64,0.0,75,1,70,0
1,28,0.0,84,2,71,0
3,17,0.0,91,3,73,0
2,17,0.0,86,2,69,0
2,17,0.0,86,1,69,0
0,20,0.0,100,6,81,1
0,28,0.0,95,8,79,1
0,24,0.0,96,6,80,1
0,25,0.0,95,8,79,1
0,20,0.0,98,6,79,1
0,16,0.0,100,6,80,1
1,16,0.0,100,5,79,1
1,21,0.0,95,8,77,1
5,62,0.0,60,5,56,0
13,64,0.0,59,5,54,0
3,72,0.0,55,5,52,0
11,32,0.0,66,10,56,0
14,54,0.0,62,7,58,0
16,40,0.0,66,9,58,0
16,39,0.0,66,11,57,0
1,37,0.0,66,10,57,0
2,29,0.0,80,5,66,0
5,21,0.0,64,5,53,0
25,67,0.0,80,11,73,0
38,79,0.02,77,10,73,0
30,85,0.0,73,5,70,0
75,91,0.08,71,2,69,0
38,79,0.02,77,10,73,0
35,65,0.0,84,12,77,1
63,70,0.01,84,6,79,1
64,70,0.24,86,3,81,1
58,82,0.45,82,5,79,1
55,77,0.06,84,3,79,1
71,80,0.05,84,3,80,1
23,70,0.0,84,4,79,1
29,82,0.02,84,3,81,1
59,82,0.04,84,6,80,1
57,82,0.29,84,3,81,1
55,77,0.17,84,3,80,1
69,80,0.06,84,3,80,1
57,80,0.13,84,3,81,1
43,75,0.0,86,5,81,1
46,75,0.02,86,5,81,1
50,77,0.01,84,5,79,1
45,77,0.24,86,5,81,1
48,72,0.34,86,3,81,1
38,85,0.37,84,2,81,1
53,77,0.1,84,2,80,1
55,77,0.05,84,3,79,1
20,72,0.0,84,4,78,1
22,65,0.0,86,4,80,1
13,65,0.0,84,4,77,1
6,71,0.0,82,2,76,0
11,69,0.0,82,1,77,1
55,82,0.05,84,3,80,1
51,77,0.04,84,3,80,1
49,72,0.03,86,5,80,1
56,77,0.22,86,2,81,1
46,70,0.03,86,5,81,1
17,72,0.0,84,4,79,1
55,77,0.08,84,5,79,1
39,72,0.0,82,10,77,1
33,72,0.02,86,3,80,1
24,20,0.0,80,8,64,0
1,36,0.0,89,2,76,0
2,36,0.0,89,5,77,1
1,43,0.0,89,6,78,1
18,51,0.0,87,9,79,1
2,40,0.0,87,2,76,0
3,65,0.0,86,11,79,1
26,74,0.06,82,10,78,1
3,69,0.0,82,9,77,1
2,62,0.0,84,10,77,1
2,48,0.0,89,7,78,1
5,19,0.0,84,11,68,0
20,55,0.0,86,4,77,1
11,58,0.0,84,4,76,0
1,43,0.0,77,3,67,0
1,43,0.0,77,3,67,0
23,67,0.0,82,3,77,1
28,67,0.0,82,2,76,0
18,74,0.0,80,4,76,0
16,69,0.0,82,3,76,0
10,62,0.0,80,3,74,0
6,62,0.0,77,5,70,0
6,12,0.0,100,2,76,0
6,13,0.0,91,4,70,0
19,28,0.0,68,3,55,0
9,14,0.0,104,2,80,1
10,15,0.0,86,4,67,0
5,17,0.0,78,5,62,0
14,16,0.0,86,5,67,0
7,18,0.0,84,4,67,0
8,9,0.0,95,3,72,0
11,11,0.0,102,1,77,1
7,11,0.0,102,3,78,1
14,13,0.0,84,7,64,0
10,15,0.0,87,3,68,0
7,13,0.0,95,3,74,0
9,15,0.0,93,3,72,0
8,10,0.0,102,3,77,1
4,15,0.0,84,5,66,0
10,11,0.0,95,2,73,0
11,12,0.0,98,2,75,0
11,11,0.0,102,1,77,1
7,12,0.0,100,2,76,0
5,13,0.0,98,2,75,0
5,13,0.0,100,2,77,1
6,13,0.0,98,2,76,0
9,13,0.0,96,3,74,0
7,14,0.0,95,2,73,0
10,15,0.0,86,5,67,0
6,15,0.0,84,5,65,0
7,16,0.0,82,6,64,0
7,11,0.0,86,8,66,0
7,16,0.0,98,4,77,1
11,26,0.0,71,6,57,0
7,25,0.0,71,9,58,0
7,19,0.0,82,5,64,0
8,21,0.0,73,6,58,0
6,20,0.0,82,12,65,0
18,17,0.0,82,5,63,0
10,16,0.0,82,10,64,0
13,30,0.0,68,8,56,0
12,23,0.0,75,4,60,0
11,25,0.0,71,7,58,0
7,13,0.0,80,9,62,0
14,17,0.0,75,6,58,0
8,12,0.0,80,3,61,0
7,16,0.0,82,3,64,0
7,16,0.0,82,3,64,0
3,15,0.0,77,4,60,0
8,18,0.0,75,7,58,0
10,12,0.0,80,5,61,0
6,17,0.0,78,2,62,0
9,12,0.0,80,6,61,0
5,11,0.0,96,6,73,0
3,12,0.0,87,4,67,0
9,11,0.0,84,2,64,0
10,11,0.0,82,5,62,0
5,20,0.0,77,2,62,0
2,13,0.0,78,3,60,0
4,12,0.0,71,9,55,0
22,13,0.0,71,9,55,0
23,34,0.0,64,10,53,0
7,30,0.0,62,9,51,0
6,30,0.0,71,7,60,0
8,29,0.0,71,10,58,0
7,23,0.0,73,12,59,0
8,24,0.0,71,16,58,0
4,8,0.0,98,4,73,0
7,6,0.0,93,5,68,0
2,17,0.0,80,9,63,0
2,15,0.0,82,8,64,0
7,9,0.0,96,3,73,0
3,15,0.0,82,7,63,0
9,10,0.0,82,3,62,0
5,8,0.0,91,3,68,0
8,13,0.0,78,2,60,0
6,14,0.0,91,5,71,0
5,13,0.0,89,5,68,0
5,8,0.0,98,2,74,0
7,17,0.0,75,5,58,0
2,17,0.0,80,9,63,0
35,78,0.0,69,1,66,0
7,17,0.0,104,2,82,2
16,15,0.0,100,2,78,1
7,23,0.0,100,2,81,1
35,78,0.0,69,1,66,0
12,13,0.0,102,2,79,1
13,17,0.0,98,3,78,1
13,20,0.0,98,3,79,1
14,31,0.0,93,4,77,1
14,52,0.0,80,4,71,0
5,9,0.0,98,4,73,0
4,10,0.0,96,4,73,0
11,11,0.0,93,4,70,0
14,31,0.0,93,4,77,1
3,10,0.0,96,5,73,0
10,10,0.0,93,8,70,0
10,11,0.0,89,8,68,0
8,10,0.0,98,3,74,0
10,54,0.0,77,6,69,0
4,24,0.0,96,3,79,1
5,18,0.0,89,7,70,0
1,34,0.0,82,7,69,0
5,32,0.0,80,11,67,0
1,29,0.0,89,6,75,0
7,22,0.0,95,3,77,1
8,22,0.0,95,5,77,1
0,19,0.0,95,4,76,0
4,24,0.0,96,4,79,1
3,42,0.0,80,12,70,0
2,20,0.0,95,2,77,1
1,21,0.0,93,7,75,0
2,21,0.0,93,2,75,0
14,31,0.0,93,4,77,1
2,22,0.0,95,3,76,0
2,27,0.0,91,2,75,0
4,19,0.0,93,2,75,0
14,34,0.0,80,3,67,0
5,16,0.0,104,2,81,1
4,8,0.0,102,5,76,0
2,21,0.0,93,4,74,0
1,21,0.0,93,7,75,0
4,24,0.0,96,5,79,1
9,14,0.0,96,5,75,0
16,15,0.0,100,2,78,1
4,17,0.0,95,3,75,0
3,18,0.0,86,6,68,0
26,71,0.0,73,1,68,0
1,32,0.0,80,2,67,0
3,20,0.0,87,3,70,0
3,19,0.0,84,3,66,0
3,19,0.0,78,2,62,0
0,25,0.0,91,5,74,0
0,36,0.0,86,6,74,0
1,33,0.0,89,3,75,0
1,32,0.0,87,6,74,0
0,25,0.0,93,5,76,0
2,19,0.0,95,8,76,0
2,22,0.0,95,5,76,0
1,27,0.0,86,3,72,0
4,67,0.0,59,5,55,0
11,69,0.0,57,4,54,0
7,74,0.0,53,5,50,0
6,38,0.0,62,9,53,0
16,60,0.0,59,5,54,0
20,44,0.0,64,8,56,0
20,43,0.0,64,10,55,0
3,41,0.0,64,9,55,0
2,33,0.0,75,5,64,0
7,25,0.0,59,5,49,0
25,67,0.0,80,11,73,0
38,79,0.02,77,10,73,0
30,85,0.0,73,5,70,0
75,91,0.08,71,2,69,0
38,79,0.02,77,10,73,0
32,71,0.0,80,11,75,0
69,79,0.01,82,6,78,1
64,72,0.24,86,3,80,1
49,84,0.45,80,5,78,1
46,79,0.06,82,3,78,1
61,87,0.05,80,3,78,1
34,74,0.0,82,4,78,1
36,82,0.02,84,3,80,1
68,84,0.04,82,5,79,1
50,87,0.29,82,1,79,1
48,90,0.17,80,2,79,1
61,87,0.06,80,3,78,1
51,93,0.13,80,2,78,1
42,74,0.0,86,5,81,1
50,72,0.02,86,5,80,1
38,82,0.01,82,4,79,1
42,74,0.24,86,5,81,1
42,77,0.34,84,3,80,1
36,82,0.37,84,2,80,1
54,84,0.1,82,2,79,1
57,79,0.05,82,2,78,1
30,76,0.0,82,4,78,1
32,69,0.0,86,4,80,1
14,70,0.0,82,3,77,1
10,74,0.0,80,2,76,0
9,82,0.0,77,1,74,0
40,84,0.05,82,3,79,1
27,82,0.04,82,3,79,1
23,79,0.03,84,2,80,1
48,82,0.22,84,2,80,1
24,74,0.03,86,5,81,1
25,74,0.0,84,4,79,1
54,84,0.08,80,4,78,1
39,74,0.0,82,9,77,1
45,74,0.02,84,2,80,1
23,24,0.0,77,5,62,0
3,39,0.0,89,1,76,0
2,38,0.0,89,5,76,0
0,50,0.0,86,5,77,1
9,59,0.0,86,7,78,1
2,42,0.0,86,2,75,0
2,72,0.0,82,10,77,1
31,75,0.01,82,9,78,1
1,74,0.0,80,9,76,0
2,72,0.0,80,10,75,0
3,63,0.0,82,6,76,0
4,22,0.0,82,10,65,0
26,61,0.0,82,3,75,0
6,67,0.0,82,3,76,0
2,51,0.0,71,2,64,0
2,51,0.0,71,2,64,0
17,77,0.0,80,2,75,0
19,82,0.0,77,2,73,0
9,77,0.0,78,3,74,0
17,74,0.0,80,2,75,0
21,74,0.0,77,2,72,0
4,69,0.0,73,4,68,0
8,14,0.0,95,2,73,0
7,13,0.0,87,5,68,0
12,36,0.0,60,4,51,0
6,17,0.0,98,2,77,1
5,17,0.0,82,5,64,0
6,18,0.0,75,4,60,0
19,19,0.0,78,5,63,0
11,21,0.0,80,4,64,0
8,10,0.0,91,3,69,0
7,11,0.0,100,2,77,1
5,12,0.0,100,4,77,1
7,14,0.0,80,8,62,0
13,15,0.0,86,4,67,0
7,15,0.0,91,3,71,0
7,16,0.0,89,4,70,0
5,11,0.0,95,3,73,0
4,16,0.0,82,5,64,0
6,12,0.0,91,2,71,0
10,14,0.0,91,3,71,0
7,11,0.0,100,2,77,1
5,14,0.0,95,2,73,0
9,14,0.0,95,2,74,0
8,15,0.0,93,2,73,0
9,14,0.0,93,2,73,0
10,15,0.0,91,3,72,0
8,15,0.0,91,2,71,0
8,18,0.0,80,5,63,0
6,17,0.0,80,6,63,0
4,19,0.0,77,6,61,0
5,12,0.0,84,7,64,0
5,15,0.0,96,5,76,0
11,29,0.0,68,4,56,0
7,27,0.0,68,8,56,0
7,23,0.0,75,6,61,0
8,24,0.0,69,6,56,0
6,23,0.0,78,12,63,0
18,21,0.0,73,5,59,0
10,21,0.0,75,10,60,0
12,31,0.0,66,7,54,0
11,27,0.0,71,2,59,0
11,26,0.0,69,6,57,0
7,15,0.0,75,7,59,0
14,20,0.0,69,4,55,0
6,14,0.0,75,3,58,0
7,20,0.0,75,4,59,0
7,20,0.0,75,4,59,0
4,20,0.0,68,5,55,0
6,27,0.0,66,5,53,0
8,14,0.0,75,3,58,0
6,19,0.0,77,2,61,0
9,13,0.0,77,6,59,0
5,12,0.0,93,6,71,0
3,12,0.0,86,4,66,0
7,12,0.0,78,2,60,0
7,13,0.0,75,5,57,0
5,22,0.0,73,2,59,0
2,16,0.0,73,3,57,0
4,14,0.0,66,8,52,0
22,18,0.0,66,8,52,0
21,39,0.0,59,14,50,0
5,41,0.0,55,8,47,0
6,33,0.0,66,7,56,0
8,35,0.0,66,10,55,0
7,27,0.0,66,12,55,0
9,30,0.0,66,16,55,0
5,9,0.0,95,4,72,0
6,6,0.0,89,5,66,0
3,17,0.0,77,4,60,0
3,17,0.0,77,5,60,0
8,10,0.0,91,3,69,0
3,16,0.0,75,6,59,0
7,12,0.0,75,2,58,0
5,10,0.0,84,4,63,0
6,14,0.0,75,2,58,0
7,16,0.0,86,5,67,0
3,14,0.0,84,7,66,0
5,9,0.0,95,2,72,0
6,19,0.0,71,3,57,0
3,17,0.0,77,4,60,0
49,78,0.0,68,2,65,0
5,19,0.0,100,2,79,1
13,16,0.0,98,3,77,1
5,27,0.0,93,3,77,1
49,78,0.0,68,2,65,0
8,15,0.0,96,3,76,0
12,19,0.0,96,3,77,1
12,20,0.0,98,2,78,1
12,36,0.0,87,2,75,0
13,57,0.0,77,4,69,0
4,9,0.0,95,4,72,0
4,12,0.0,93,4,71,0
9,13,0.0,89,7,68,0
12,36,0.0,87,2,75,0
4,13,0.0,89,5,69,0
10,12,0.0,87,11,67,0
10,13,0.0,84,10,65,0
7,9,0.0,96,3,73,0
10,57,0.0,73,4,66,0
4,25,0.0,93,2,77,1
3,21,0.0,86,5,68,0
1,40,0.0,77,6,66,0
6,37,0.0,75,9,64,0
2,34,0.0,84,4,72,0
6,29,0.0,87,3,73,0
7,25,0.0,91,4,75,0
0,23,0.0,89,3,73,0
4,27,0.0,93,3,77,1
2,46,0.0,77,11,67,0
1,23,0.0,91,2,75,0
2,25,0.0,89,3,72,0
2,27,0.0,89,2,73,0
12,36,0.0,87,2,75,0
2,27,0.0,86,4,71,0
2,31,0.0,86,1,73,0
2,23,0.0,89,2,72,0
13,34,0.0,77,2,64,0
4,21,0.0,96,2,78,1
6,9,0.0,98,5,74,0
2,22,0.0,87,5,71,0
2,25,0.0,89,3,72,0
9,26,0.0,93,5,77,1
7,15,0.0,93,5,73,0
13,16,0.0,98,3,77,1
3,21,0.0,89,3,72,0
4,19,0.0,82,2,66,0
38,73,0.0,71,2,67,0
3,32,0.0,77,2,64,0
6,24,0.0,82,6,67,0
3,21,0.0,77,4,62,0
2,22,0.0,73,2,59,0
0,32,0.0,84,2,71,0
1,42,0.0,82,5,71,0
2,35,0.0,84,2,72,0
3,37,0.0,84,3,71,0
1,29,0.0,84,5,70,0
1,22,0.0,91,8,73,0
0,26,0.0,89,5,74,0
0,31,0.0,82,5,68,0
8,71,0.0,55,4,52,0
17,74,0.0,53,4,50,0
11,77,0.0,53,4,50,0
11,45,0.0,57,7,50,0
24,64,0.0,57,6,53,0
25,49,0.0,60,7,54,0
28,47,0.0,60,9,53,0
7,45,0.0,60,8,53,0
3,34,0.0,69,3,59,0
23,27,0.0,57,2,47,0
25,67,0.0,80,11,73,0
38,79,0.02,77,10,73,0
30,85,0.0,73,5,70,0
75,91,0.08,71,2,69,0
38,79,0.02,77,10,73,0
29,74,0.0,80,9,75,0
67,82,0.21,80,5,76,0
60,82,0.0,82,2,79,1
43,88,0.09,80,4,78,1
46,85,0.2,80,2,78,1
64,88,0.24,80,2,77,1
34,77,0.0,82,4,78,1
41,82,0.0,82,2,79,1
62,85,0.12,82,4,79,1
31,94,0.04,80,1,78,1
56,91,0.47,80,2,77,1
61,88,0.2,80,2,77,1
52,97,0.48,78,2,77,1
44,77,0.0,84,5,80,1
56,77,0.0,84,4,79,1
35,85,0.0,82,4,79,1
37,77,0.03,84,5,80,1
44,85,0.02,82,2,79,1
37,88,0.04,82,2,79,1
58,91,0.13,80,2,77,1
50,85,0.36,80,2,77,1
30,80,0.0,82,4,78,1
32,72,0.0,84,4,79,1
11,72,0.0,82,3,76,0
14,74,0.0,80,2,76,0
10,84,0.0,77,1,74,0
42,88,0.05,80,2,78,1
22,82,0.0,82,2,79,1
26,82,0.03,82,2,79,1
46,88,0.08,80,2,78,1
26,77,0.0,84,5,80,1
25,77,0.0,82,4,78,1
47,88,0.14,80,4,77,1
42,77,0.0,80,9,76,0
42,82,0.0,82,2,78,1
23,25,0.0,75,3,61,0
8,47,0.0,82,1,73,0
1,47,0.0,82,4,73,0
3,59,0.0,84,5,76,0
6,67,0.0,82,5,77,1
2,49,0.0,82,2,72,0
2,72,0.0,82,9,77,1
20,77,0.01,82,9,77,1
1,79,0.0,80,8,75,0
2,72,0.0,80,10,75,0
1,71,0.0,80,5,75,0
3,27,0.0,75,11,61,0
41,67,0.0,80,3,74,0
21,69,0.0,80,2,75,0
2,54,0.0,68,2,62,0
2,54,0.0,68,2,62,0
20,76,0.0,80,2,75,0
24,84,0.0,77,2,74,0
15,82,0.0,77,2,74,0
25,79,0.0,78,2,75,0
31,79,0.0,73,2,70,0
4,73,0.0,71,3,66,0
8,16,0.0,93,2,73,0
9,15,0.0,86,5,67,0
8,40,0.0,57,5,48,0
5,21,0.0,95,2,76,0
8,19,0.0,80,5,63,0
8,19,0.0,75,3,59,0
17,22,0.0,77,4,62,0
13,22,0.0,78,4,63,0
7,12,0.0,86,3,66,0
8,14,0.0,95,2,74,0
5,14,0.0,95,3,74,0
7,16,0.0,77,7,61,0
12,17,0.0,82,5,65,0
5,16,0.0,89,4,70,0
6,18,0.0,87,5,69,0
4,13,0.0,93,2,72,0
8,18,0.0,78,6,62,0
6,16,0.0,89,1,70,0
6,15,0.0,89,3,70,0
8,14,0.0,95,2,74,0
8,16,0.0,93,2,73,0
10,16,0.0,93,2,73,0
9,17,0.0,91,2,72,0
10,17,0.0,91,2,72,0
6,16,0.0,89,4,70,0
8,15,0.0,89,3,69,0
9,20,0.0,77,5,62,0
8,19,0.0,77,6,61,0
7,23,0.0,75,6,61,0
6,13,0.0,84,7,64,0
5,18,0.0,93,4,74,0
10,30,0.0,66,4,55,0
8,28,0.0,68,8,55,0
7,25,0.0,73,6,59,0
7,28,0.0,66,5,54,0
7,28,0.0,73,12,59,0
10,22,0.0,71,5,57,0
14,23,0.0,71,10,57,0
10,32,0.0,64,6,53,0
11,27,0.0,71,2,58,0
10,28,0.0,68,5,56,0
8,18,0.0,71,5,56,0
10,24,0.0,64,2,51,0
7,15,0.0,71,5,56,0
13,20,0.0,69,5,56,0
13,20,0.0,69,5,56,0
4,22,0.0,64,7,52,0
6,33,0.0,59,5,50,0
7,15,0.0,71,3,56,0
3,20,0.0,71,4,57,0
6,15,0.0,71,5,55,0
7,12,0.0,86,2,67,0
10,13,0.0,82,4,63,0
6,14,0.0,75,3,58,0
7,15,0.0,69,5,54,0
7,24,0.0,69,4,56,0
7,17,0.0,68,4,53,0
7,18,0.0,62,8,49,0
25,22,0.0,62,7,50,0
23,41,0.0,57,9,48,0
11,46,0.0,53,9,46,0
9,37,0.0,62,4,53,0
9,39,0.0,62,10,54,0
6,31,0.0,64,11,53,0
6,33,0.0,62,15,52,0
3,10,0.0,91,4,70,0
5,8,0.0,86,3,64,0
3,21,0.0,73,4,58,0
3,19,0.0,73,5,58,0
7,12,0.0,86,2,67,0
3,19,0.0,75,6,59,0
9,14,0.0,73,2,56,0
6,12,0.0,80,5,61,0
9,17,0.0,69,2,55,0
4,18,0.0,82,4,65,0
4,15,0.0,84,7,65,0
3,11,0.0,93,2,71,0
6,23,0.0,64,3,51,0
3,21,0.0,73,4,58,0
49,82,0.0,68,2,64,0
3,22,0.0,96,2,78,1
13,17,0.0,96,4,76,0
4,26,0.0,93,3,76,0
49,82,0.0,68,2,64,0
7,18,0.0,93,3,73,0
12,19,0.0,95,4,76,0
12,22,0.0,96,2,78,1
12,38,0.0,86,1,73,0
13,64,0.0,73,5,67,0
5,12,0.0,91,4,69,0
3,17,0.0,86,3,67,0
9,16,0.0,86,7,67,0
12,38,0.0,86,1,73,0
4,15,0.0,86,5,68,0
10,14,0.0,86,11,66,0
10,14,0.0,80,10,63,0
4,11,0.0,93,3,71,0
10,64,0.0,71,4,65,0
3,30,0.0,89,2,74,0
4,25,0.0,82,5,67,0
1,42,0.0,75,4,64,0
16,42,0.0,73,7,64,0
1,37,0.0,82,3,70,0
2,31,0.0,84,2,71,0
3,31,0.0,86,3,72,0
1,28,0.0,86,3,71,0
3,31,0.0,86,2,72,0
4,52,0.0,75,9,66,0
2,29,0.0,84,2,69,0
2,30,0.0,80,3,67,0
0,32,0.0,80,2,68,0
12,38,0.0,86,1,73,0
3,29,0.0,84,3,69,0
3,39,0.0,77,1,67,0
3,28,0.0,82,3,67,0
13,34,0.0,77,3,64,0
5,25,0.0,93,2,76,0
5,11,0.0,95,4,72,0
2,23,0.0,86,5,69,0
2,30,0.0,80,3,67,0
2,31,0.0,87,4,73,0
6,17,0.0,91,5,71,0
13,17,0.0,96,4,76,0
3,26,0.0,82,3,68,0
4,22,0.0,77,2,62,0
38,76,0.0,69,2,66,0
3,34,0.0,71,2,60,0
6,27,0.0,73,6,61,0
2,25,0.0,75,4,61,0
3,23,0.0,71,2,58,0
1,36,0.0,80,1,68,0
1,47,0.0,78,2,69,0
2,38,0.0,82,1,70,0
1,40,0.0,82,3,70,0
1,32,0.0,82,5,68,0
2,25,0.0,87,8,72,0
3,30,0.0,84,5,70,0
1,37,0.0,78,6,67,0
17,78,0.0,55,4,52,0
19,80,0.0,53,4,50,0
16,80,0.0,50,4,48,0
11,49,0.0,55,7,48,0
17,69,0.0,55,6,52,0
20,55,0.0,57,7,52,0
23,54,0.0,59,10,52,0
5,51,0.0,57,8,51,0
3,39,0.0,66,3,57,0
23,31,0.0,53,2,45,0
25,67,0.0,80,10,73,0
38,77,0.01,77,9,72,0
30,85,0.0,73,5,70,0
75,88,0.11,71,1,68,0
38,77,0.01,77,9,72,0
26,76,0.0,78,6,74,0
65,87,0.21,77,3,75,0
51,85,0.0,82,2,79,1
39,87,0.09,80,4,77,1
47,87,0.2,80,3,77,1
61,90,0.24,78,2,77,1
34,74,0.0,84,4,79,1
42,85,0.0,82,2,79,1
59,85,0.12,82,4,79,1
50,90,0.04,80,1,77,1
60,90,0.47,80,2,77,1
56,90,0.2,78,2,77,1
59,93,0.48,78,2,77,1
35,79,0.0,84,4,80,1
54,77,0.0,84,4,79,1
36,88,0.0,80,4,78,1
42,79,0.03,84,4,81,1
51,85,0.02,82,2,79,1
50,88,0.04,80,2,78,1
54,93,0.13,78,2,77,1
51,87,0.36,78,2,76,0
30,79,0.0,82,4,78,1
32,72,0.0,84,4,79,1
10,74,0.0,80,3,75,0
12,76,0.0,80,2,75,0
14,84,0.0,75,1,73,0
45,90,0.05,80,2,77,1
19,85,0.0,82,2,79,1
24,85,0.03,82,2,79,1
39,90,0.08,80,2,77,1
22,79,0.0,84,4,80,1
25,74,0.0,84,4,79,1
44,87,0.14,78,3,76,0
44,77,0.0,80,5,76,0
31,82,0.0,82,2,78,1
22,25,0.0,73,3,59,0
7,52,0.0,80,1,72,0
4,49,0.0,82,3,72,0
3,60,0.0,82,5,75,0
4,71,0.0,82,4,76,0
2,50,0.0,80,2,72,0
4,71,0.0,82,9,77,1
18,79,0.01,82,8,77,1
3,79,0.0,80,8,75,0
3,74,0.0,80,10,75,0
0,74,0.0,78,4,74,0
1,29,0.0,73,12,60,0
29,69,0.0,78,3,73,0
31,74,0.0,78,2,74,0
1,60,0.0,66,2,60,0
1,60,0.0,66,2,60,0
9,81,0.0,77,2,74,0
37,84,0.0,75,1,73,0
20,81,0.0,77,2,74,0
25,76,0.0,78,2,74,0
25,63,0.0,73,2,67,0
4,54,0.0,68,3,61,0
9,16,0.0,91,2,72,0
7,16,0.0,82,5,65,0
6,45,0.0,53,5,45,0
5,23,0.0,91,2,74,0
6,20,0.0,77,5,62,0
6,21,0.0,73,3,58,0
9,23,0.0,75,4,61,0
8,23,0.0,77,5,63,0
6,13,0.0,84,3,65,0
5,14,0.0,93,2,73,0
4,14,0.0,93,3,73,0
7,17,0.0,75,6,59,0
9,16,0.0,82,5,64,0
5,17,0.0,87,5,69,0
6,18,0.0,86,5,68,0
4,13,0.0,89,2,70,0
7,19,0.0,77,7,62,0
6,18,0.0,86,1,68,0
5,15,0.0,89,3,69,0
5,14,0.0,93,2,73,0
7,16,0.0,91,2,71,0
9,17,0.0,91,2,71,0
10,18,0.0,89,2,70,0
7,18,0.0,89,2,71,0
6,17,0.0,87,4,69,0
5,16,0.0,86,4,68,0
9,21,0.0,75,5,60,0
9,21,0.0,75,6,60,0
4,25,0.0,73,6,60,0
5,14,0.0,82,7,64,0
5,19,0.0,93,4,73,0
10,33,0.0,64,3,54,0
8,31,0.0,66,7,54,0
7,29,0.0,69,6,57,0
7,30,0.0,64,5,52,0
7,31,0.0,69,11,58,0
10,26,0.0,68,4,55,0
14,26,0.0,71,10,57,0
9,34,0.0,62,5,52,0
10,29,0.0,69,2,57,0
10,30,0.0,66,5,55,0
8,21,0.0,68,4,54,0
10,29,0.0,60,2,50,0
6,19,0.0,68,5,54,0
15,25,0.0,66,4,53,0
15,25,0.0,66,4,53,0
4,25,0.0,62,7,50,0
7,36,0.0,57,5,47,0
7,16,0.0,69,3,54,0
3,23,0.0,68,4,55,0
6,16,0.0,69,5,54,0
7,16,0.0,84,2,65,0
10,15,0.0,80,4,62,0
7,15,0.0,71,2,56,0
8,17,0.0,68,5,53,0
7,25,0.0,68,4,55,0
7,17,0.0,66,4,52,0
7,20,0.0,60,9,48,0
23,27,0.0,59,7,49,0
24,45,0.0,55,9,48,0
16,50,0.0,50,8,44,0
9,43,0.0,59,4,52,0
9,44,0.0,59,10,52,0
7,35,0.0,60,12,51,0
5,38,0.0,59,15,50,0
3,10,0.0,89,4,68,0
3,9,0.0,82,2,62,0
3,25,0.0,68,4,56,0
3,20,0.0,71,5,56,0
5,13,0.0,84,2,65,0
3,19,0.0,71,6,57,0
8,15,0.0,68,2,54,0
5,12,0.0,77,5,59,0
9,17,0.0,68,2,53,0
5,17,0.0,80,4,64,0
3,14,0.0,84,7,65,0
3,11,0.0,89,2,69,0
3,26,0.0,60,3,49,0
3,25,0.0,68,4,56,0
49,81,0.0,68,3,64,0
3,25,0.0,93,2,76,0
13,17,0.0,95,4,75,0
4,27,0.0,91,3,75,0
49,81,0.0,68,3,64,0
5,20,0.0,89,3,71,0
12,19,0.0,93,5,74,0
12,21,0.0,95,3,76,0
12,40,0.0,84,1,72,0
13,66,0.0,71,5,66,0
6,14,0.0,87,4,68,0
5,17,0.0,84,3,66,0
9,19,0.0,82,5,66,0
12,40,0.0,84,1,72,0
5,17,0.0,84,6,66,0
10,13,0.0,84,11,65,0
10,13,0.0,78,10,61,0
6,12,0.0,93,4,71,0
10,68,0.0,68,4,63,0
3,32,0.0,86,3,72,0
3,27,0.0,80,6,65,0
1,44,0.0,73,3,63,0
16,43,0.0,73,7,63,0
2,38,0.0,82,3,70,0
4,32,0.0,82,3,69,0
3,33,0.0,82,2,70,0
1,31,0.0,82,4,69,0
2,33,0.0,84,2,70,0
3,55,0.0,73,8,65,0
2,34,0.0,80,2,67,0
2,35,0.0,77,3,66,0
1,35,0.0,77,2,66,0
12,40,0.0,84,1,72,0
1,28,0.0,82,3,68,0
2,43,0.0,73,2,64,0
3,29,0.0,78,3,65,0
13,32,0.0,77,4,64,0
5,26,0.0,91,2,74,0
5,12,0.0,91,4,70,0
2,21,0.0,86,6,69,0
2,35,0.0,77,3,66,0
2,33,0.0,84,3,71,0
5,16,0.0,89,5,70,0
13,17,0.0,95,4,75,0
4,28,0.0,80,4,66,0
4,23,0.0,75,2,61,0
38,73,0.0,71,3,66,0
3,36,0.0,68,2,58,0
6,30,0.0,69,6,58,0
2,24,0.0,73,4,60,0
2,22,0.0,71,2,57,0
1,39,0.0,77,3,67,0
3,45,0.0,77,1,68,0
4,41,0.0,80,1,69,0
3,41,0.0,80,3,69,0
0,35,0.0,80,5,68,0
1,25,0.0,86,9,70,0
1,32,0.0,82,5,68,0
2,39,0.0,77,6,66,0
17,77,0.0,53,4,50,0
24,83,0.0,51,5,49,0
25,80,0.0,50,4,48,0
11,50,0.0,53,7,46,0
26,72,0.0,55,6,51,0
25,59,0.0,55,8,50,0
24,59,0.0,57,10,51,0
8,57,0.0,55,7,50,0
3,44,0.0,62,3,55,0
23,33,0.0,50,2,43,0
25,67,0.0,80,10,73,0
38,77,0.01,77,9,72,0
30,85,0.0,73,5,70,0
75,88,0.11,71,1,68,0
38,77,0.01,77,9,72,0
